{"1": {"s_content": "", "r_content": "23/07/2019;20:54:00;Vijana-SMART 1;Guys we are here to be tolerative of each other. Lets not get mad easily"}, "2": {"s_content": "23/07/2019;20:54:00;Vijana-SMART 1;Guys we are here to be tolerative of each other. Lets not get mad easily", "r_content": "23/07/2019;20:55:00;Vijana-SMART 1;Soemtimes when i see you guys chart i always know ni kujoke tu. Let it remain that way please. Mtu asibore mwingine or lets take the charts on a light note. Tujibambe tu huku"}, "3": {"s_content": "23/07/2019;20:54:00;Vijana-SMART 1;Guys we are here to be tolerative of each other. Lets not get mad easily:::23/07/2019;20:55:00;Vijana-SMART 1;Soemtimes when i see you guys chart i always know ni kujoke tu. Let it remain that way please. Mtu asibore mwingine or lets take the charts on a light note. Tujibambe tu huku", "r_content": "23/07/2019;20:56:00;Vijana-SMART 1;Kuna msee amesea realtionships ni hard hapo juu. Si tuchangamkie hii risto na ma ideas zetu??ama nmaonaje"}, "4": {"s_content": "23/07/2019;20:54:00;Vijana-SMART 1;Guys we are here to be tolerative of each other. Lets not get mad easily:::23/07/2019;20:55:00;Vijana-SMART 1;Soemtimes when i see you guys chart i always know ni kujoke tu. Let it remain that way please. Mtu asibore mwingine or lets take the charts on a light note. Tujibambe tu huku:::23/07/2019;20:56:00;Vijana-SMART 1;Kuna msee amesea realtionships ni hard hapo juu. Si tuchangamkie hii risto na ma ideas zetu??ama nmaonaje", "r_content": "23/07/2019;20:56:00;5061;Usiworry.. Ni kujoke tuh"}, "5": {"s_content": "23/07/2019;20:54:00;Vijana-SMART 1;Guys we are here to be tolerative of each other. Lets not get mad easily:::23/07/2019;20:55:00;Vijana-SMART 1;Soemtimes when i see you guys chart i always know ni kujoke tu. Let it remain that way please. Mtu asibore mwingine or lets take the charts on a light note. Tujibambe tu huku:::23/07/2019;20:56:00;Vijana-SMART 1;Kuna msee amesea realtionships ni hard hapo juu. Si tuchangamkie hii risto na ma ideas zetu??ama nmaonaje:::23/07/2019;20:56:00;5061;Usiworry.. Ni kujoke tuh", "r_content": "23/07/2019;20:56:00;5058;Bana!!!!"}, "6": {"s_content": "23/07/2019;20:54:00;Vijana-SMART 1;Guys we are here to be tolerative of each other. Lets not get mad easily:::23/07/2019;20:55:00;Vijana-SMART 1;Soemtimes when i see you guys chart i always know ni kujoke tu. Let it remain that way please. Mtu asibore mwingine or lets take the charts on a light note. Tujibambe tu huku:::23/07/2019;20:56:00;Vijana-SMART 1;Kuna msee amesea realtionships ni hard hapo juu. Si tuchangamkie hii risto na ma ideas zetu??ama nmaonaje:::23/07/2019;20:56:00;5061;Usiworry.. Ni kujoke tuh:::23/07/2019;20:56:00;5058;Bana!!!!", "r_content": "23/07/2019;20:56:00;Vijana-SMART 1;Wazi mresh"}, "7": {"s_content": "23/07/2019;20:54:00;Vijana-SMART 1;Guys we are here to be tolerative of each other. Lets not get mad easily:::23/07/2019;20:55:00;Vijana-SMART 1;Soemtimes when i see you guys chart i always know ni kujoke tu. Let it remain that way please. Mtu asibore mwingine or lets take the charts on a light note. Tujibambe tu huku:::23/07/2019;20:56:00;Vijana-SMART 1;Kuna msee amesea realtionships ni hard hapo juu. Si tuchangamkie hii risto na ma ideas zetu??ama nmaonaje:::23/07/2019;20:56:00;5061;Usiworry.. Ni kujoke tuh:::23/07/2019;20:56:00;5058;Bana!!!!:::23/07/2019;20:56:00;Vijana-SMART 1;Wazi mresh", "r_content": "23/07/2019;20:58:00;5048;Tuzoeane tusaidiane"}, "8": {"s_content": "23/07/2019;20:54:00;Vijana-SMART 1;Guys we are here to be tolerative of each other. Lets not get mad easily:::23/07/2019;20:55:00;Vijana-SMART 1;Soemtimes when i see you guys chart i always know ni kujoke tu. Let it remain that way please. Mtu asibore mwingine or lets take the charts on a light note. Tujibambe tu huku:::23/07/2019;20:56:00;Vijana-SMART 1;Kuna msee amesea realtionships ni hard hapo juu. Si tuchangamkie hii risto na ma ideas zetu??ama nmaonaje:::23/07/2019;20:56:00;5061;Usiworry.. Ni kujoke tuh:::23/07/2019;20:56:00;5058;Bana!!!!:::23/07/2019;20:56:00;Vijana-SMART 1;Wazi mresh:::23/07/2019;20:58:00;5048;Tuzoeane tusaidiane", "r_content": "23/07/2019;21:06:00;5061;Ni VaXXX amesema hivo then akago missing... But alisema ni experience  ya beshteh yake"}, "9": {"s_content": "23/07/2019;20:54:00;Vijana-SMART 1;Guys we are here to be tolerative of each other. Lets not get mad easily:::23/07/2019;20:55:00;Vijana-SMART 1;Soemtimes when i see you guys chart i always know ni kujoke tu. Let it remain that way please. Mtu asibore mwingine or lets take the charts on a light note. Tujibambe tu huku:::23/07/2019;20:56:00;Vijana-SMART 1;Kuna msee amesea realtionships ni hard hapo juu. Si tuchangamkie hii risto na ma ideas zetu??ama nmaonaje:::23/07/2019;20:56:00;5061;Usiworry.. Ni kujoke tuh:::23/07/2019;20:56:00;5058;Bana!!!!:::23/07/2019;20:56:00;Vijana-SMART 1;Wazi mresh:::23/07/2019;20:58:00;5048;Tuzoeane tusaidiane:::23/07/2019;21:06:00;5061;Ni VaXXX amesema hivo then akago missing... But alisema ni experience  ya beshteh yake", "r_content": "23/07/2019;21:16:00;5058;Niko apa BiXXX"}, "10": {"s_content": "23/07/2019;20:54:00;Vijana-SMART 1;Guys we are here to be tolerative of each other. Lets not get mad easily:::23/07/2019;20:55:00;Vijana-SMART 1;Soemtimes when i see you guys chart i always know ni kujoke tu. Let it remain that way please. Mtu asibore mwingine or lets take the charts on a light note. Tujibambe tu huku:::23/07/2019;20:56:00;Vijana-SMART 1;Kuna msee amesea realtionships ni hard hapo juu. Si tuchangamkie hii risto na ma ideas zetu??ama nmaonaje:::23/07/2019;20:56:00;5061;Usiworry.. Ni kujoke tuh:::23/07/2019;20:56:00;5058;Bana!!!!:::23/07/2019;20:56:00;Vijana-SMART 1;Wazi mresh:::23/07/2019;20:58:00;5048;Tuzoeane tusaidiane:::23/07/2019;21:06:00;5061;Ni VaXXX amesema hivo then akago missing... But alisema ni experience  ya beshteh yake:::23/07/2019;21:16:00;5058;Niko apa BiXXX", "r_content": "23/07/2019;21:23:00;5061;Tell us... Why  relationships are difficult"}, "11": {"s_content": "23/07/2019;20:54:00;Vijana-SMART 1;Guys we are here to be tolerative of each other. Lets not get mad easily:::23/07/2019;20:55:00;Vijana-SMART 1;Soemtimes when i see you guys chart i always know ni kujoke tu. Let it remain that way please. Mtu asibore mwingine or lets take the charts on a light note. Tujibambe tu huku:::23/07/2019;20:56:00;Vijana-SMART 1;Kuna msee amesea realtionships ni hard hapo juu. Si tuchangamkie hii risto na ma ideas zetu??ama nmaonaje:::23/07/2019;20:56:00;5061;Usiworry.. Ni kujoke tuh:::23/07/2019;20:56:00;5058;Bana!!!!:::23/07/2019;20:56:00;Vijana-SMART 1;Wazi mresh:::23/07/2019;20:58:00;5048;Tuzoeane tusaidiane:::23/07/2019;21:06:00;5061;Ni VaXXX amesema hivo then akago missing... But alisema ni experience  ya beshteh yake:::23/07/2019;21:16:00;5058;Niko apa BiXXX:::23/07/2019;21:23:00;5061;Tell us... Why  relationships are difficult", "r_content": "23/07/2019;22:22:00;5055;Exactly"}, "12": {"s_content": "23/07/2019;20:55:00;Vijana-SMART 1;Soemtimes when i see you guys chart i always know ni kujoke tu. Let it remain that way please. Mtu asibore mwingine or lets take the charts on a light note. Tujibambe tu huku:::23/07/2019;20:56:00;Vijana-SMART 1;Kuna msee amesea realtionships ni hard hapo juu. Si tuchangamkie hii risto na ma ideas zetu??ama nmaonaje:::23/07/2019;20:56:00;5061;Usiworry.. Ni kujoke tuh:::23/07/2019;20:56:00;5058;Bana!!!!:::23/07/2019;20:56:00;Vijana-SMART 1;Wazi mresh:::23/07/2019;20:58:00;5048;Tuzoeane tusaidiane:::23/07/2019;21:06:00;5061;Ni VaXXX amesema hivo then akago missing... But alisema ni experience  ya beshteh yake:::23/07/2019;21:16:00;5058;Niko apa BiXXX:::23/07/2019;21:23:00;5061;Tell us... Why  relationships are difficult:::23/07/2019;22:22:00;5055;Exactly", "r_content": "23/07/2019;22:23:00;5055;Yadah msupeng"}, "13": {"s_content": "23/07/2019;20:56:00;Vijana-SMART 1;Kuna msee amesea realtionships ni hard hapo juu. Si tuchangamkie hii risto na ma ideas zetu??ama nmaonaje:::23/07/2019;20:56:00;5061;Usiworry.. Ni kujoke tuh:::23/07/2019;20:56:00;5058;Bana!!!!:::23/07/2019;20:56:00;Vijana-SMART 1;Wazi mresh:::23/07/2019;20:58:00;5048;Tuzoeane tusaidiane:::23/07/2019;21:06:00;5061;Ni VaXXX amesema hivo then akago missing... But alisema ni experience  ya beshteh yake:::23/07/2019;21:16:00;5058;Niko apa BiXXX:::23/07/2019;21:23:00;5061;Tell us... Why  relationships are difficult:::23/07/2019;22:22:00;5055;Exactly:::23/07/2019;22:23:00;5055;Yadah msupeng", "r_content": "23/07/2019;22:23:00;5061;Yadua"}, "14": {"s_content": "23/07/2019;20:56:00;5061;Usiworry.. Ni kujoke tuh:::23/07/2019;20:56:00;5058;Bana!!!!:::23/07/2019;20:56:00;Vijana-SMART 1;Wazi mresh:::23/07/2019;20:58:00;5048;Tuzoeane tusaidiane:::23/07/2019;21:06:00;5061;Ni VaXXX amesema hivo then akago missing... But alisema ni experience  ya beshteh yake:::23/07/2019;21:16:00;5058;Niko apa BiXXX:::23/07/2019;21:23:00;5061;Tell us... Why  relationships are difficult:::23/07/2019;22:22:00;5055;Exactly:::23/07/2019;22:23:00;5055;Yadah msupeng:::23/07/2019;22:23:00;5061;Yadua", "r_content": "23/07/2019;22:24:00;5055;Wasemaje"}, "15": {"s_content": "23/07/2019;20:56:00;5058;Bana!!!!:::23/07/2019;20:56:00;Vijana-SMART 1;Wazi mresh:::23/07/2019;20:58:00;5048;Tuzoeane tusaidiane:::23/07/2019;21:06:00;5061;Ni VaXXX amesema hivo then akago missing... But alisema ni experience  ya beshteh yake:::23/07/2019;21:16:00;5058;Niko apa BiXXX:::23/07/2019;21:23:00;5061;Tell us... Why  relationships are difficult:::23/07/2019;22:22:00;5055;Exactly:::23/07/2019;22:23:00;5055;Yadah msupeng:::23/07/2019;22:23:00;5061;Yadua:::23/07/2019;22:24:00;5055;Wasemaje", "r_content": "23/07/2019;22:24:00;5055;About relationship"}, "16": {"s_content": "23/07/2019;20:56:00;Vijana-SMART 1;Wazi mresh:::23/07/2019;20:58:00;5048;Tuzoeane tusaidiane:::23/07/2019;21:06:00;5061;Ni VaXXX amesema hivo then akago missing... But alisema ni experience  ya beshteh yake:::23/07/2019;21:16:00;5058;Niko apa BiXXX:::23/07/2019;21:23:00;5061;Tell us... Why  relationships are difficult:::23/07/2019;22:22:00;5055;Exactly:::23/07/2019;22:23:00;5055;Yadah msupeng:::23/07/2019;22:23:00;5061;Yadua:::23/07/2019;22:24:00;5055;Wasemaje:::23/07/2019;22:24:00;5055;About relationship", "r_content": "23/07/2019;22:24:00;5061;Nn"}, "17": {"s_content": "23/07/2019;20:58:00;5048;Tuzoeane tusaidiane:::23/07/2019;21:06:00;5061;Ni VaXXX amesema hivo then akago missing... But alisema ni experience  ya beshteh yake:::23/07/2019;21:16:00;5058;Niko apa BiXXX:::23/07/2019;21:23:00;5061;Tell us... Why  relationships are difficult:::23/07/2019;22:22:00;5055;Exactly:::23/07/2019;22:23:00;5055;Yadah msupeng:::23/07/2019;22:23:00;5061;Yadua:::23/07/2019;22:24:00;5055;Wasemaje:::23/07/2019;22:24:00;5055;About relationship:::23/07/2019;22:24:00;5061;Nn", "r_content": "23/07/2019;22:24:00;5061;N VaXXX si mm"}, "18": {"s_content": "23/07/2019;21:06:00;5061;Ni VaXXX amesema hivo then akago missing... But alisema ni experience  ya beshteh yake:::23/07/2019;21:16:00;5058;Niko apa BiXXX:::23/07/2019;21:23:00;5061;Tell us... Why  relationships are difficult:::23/07/2019;22:22:00;5055;Exactly:::23/07/2019;22:23:00;5055;Yadah msupeng:::23/07/2019;22:23:00;5061;Yadua:::23/07/2019;22:24:00;5055;Wasemaje:::23/07/2019;22:24:00;5055;About relationship:::23/07/2019;22:24:00;5061;Nn:::23/07/2019;22:24:00;5061;N VaXXX si mm", "r_content": "23/07/2019;22:24:00;5055;Aiii Dr.love"}, "19": {"s_content": "23/07/2019;21:16:00;5058;Niko apa BiXXX:::23/07/2019;21:23:00;5061;Tell us... Why  relationships are difficult:::23/07/2019;22:22:00;5055;Exactly:::23/07/2019;22:23:00;5055;Yadah msupeng:::23/07/2019;22:23:00;5061;Yadua:::23/07/2019;22:24:00;5055;Wasemaje:::23/07/2019;22:24:00;5055;About relationship:::23/07/2019;22:24:00;5061;Nn:::23/07/2019;22:24:00;5061;N VaXXX si mm:::23/07/2019;22:24:00;5055;Aiii Dr.love", "r_content": "23/07/2019;22:25:00;5061;Na ww n patient"}, "20": {"s_content": "23/07/2019;21:23:00;5061;Tell us... Why  relationships are difficult:::23/07/2019;22:22:00;5055;Exactly:::23/07/2019;22:23:00;5055;Yadah msupeng:::23/07/2019;22:23:00;5061;Yadua:::23/07/2019;22:24:00;5055;Wasemaje:::23/07/2019;22:24:00;5055;About relationship:::23/07/2019;22:24:00;5061;Nn:::23/07/2019;22:24:00;5061;N VaXXX si mm:::23/07/2019;22:24:00;5055;Aiii Dr.love:::23/07/2019;22:25:00;5061;Na ww n patient", "r_content": "23/07/2019;22:28:00;5055;Sindiyo"}, "21": {"s_content": "23/07/2019;22:22:00;5055;Exactly:::23/07/2019;22:23:00;5055;Yadah msupeng:::23/07/2019;22:23:00;5061;Yadua:::23/07/2019;22:24:00;5055;Wasemaje:::23/07/2019;22:24:00;5055;About relationship:::23/07/2019;22:24:00;5061;Nn:::23/07/2019;22:24:00;5061;N VaXXX si mm:::23/07/2019;22:24:00;5055;Aiii Dr.love:::23/07/2019;22:25:00;5061;Na ww n patient:::23/07/2019;22:28:00;5055;Sindiyo", "r_content": "23/07/2019;22:28:00;5061;Sawa"}, "22": {"s_content": "23/07/2019;22:23:00;5055;Yadah msupeng:::23/07/2019;22:23:00;5061;Yadua:::23/07/2019;22:24:00;5055;Wasemaje:::23/07/2019;22:24:00;5055;About relationship:::23/07/2019;22:24:00;5061;Nn:::23/07/2019;22:24:00;5061;N VaXXX si mm:::23/07/2019;22:24:00;5055;Aiii Dr.love:::23/07/2019;22:25:00;5061;Na ww n patient:::23/07/2019;22:28:00;5055;Sindiyo:::23/07/2019;22:28:00;5061;Sawa", "r_content": "23/07/2019;22:28:00;5055;Fity"}, "23": {"s_content": "23/07/2019;22:23:00;5061;Yadua:::23/07/2019;22:24:00;5055;Wasemaje:::23/07/2019;22:24:00;5055;About relationship:::23/07/2019;22:24:00;5061;Nn:::23/07/2019;22:24:00;5061;N VaXXX si mm:::23/07/2019;22:24:00;5055;Aiii Dr.love:::23/07/2019;22:25:00;5061;Na ww n patient:::23/07/2019;22:28:00;5055;Sindiyo:::23/07/2019;22:28:00;5061;Sawa:::23/07/2019;22:28:00;5055;Fity", "r_content": "23/07/2019;22:31:00;5061;Unakam lini"}, "24": {"s_content": "23/07/2019;22:24:00;5055;Wasemaje:::23/07/2019;22:24:00;5055;About relationship:::23/07/2019;22:24:00;5061;Nn:::23/07/2019;22:24:00;5061;N VaXXX si mm:::23/07/2019;22:24:00;5055;Aiii Dr.love:::23/07/2019;22:25:00;5061;Na ww n patient:::23/07/2019;22:28:00;5055;Sindiyo:::23/07/2019;22:28:00;5061;Sawa:::23/07/2019;22:28:00;5055;Fity:::23/07/2019;22:31:00;5061;Unakam lini", "r_content": "23/07/2019;22:32:00;5055;Nko kwa njia"}, "25": {"s_content": "23/07/2019;22:24:00;5055;About relationship:::23/07/2019;22:24:00;5061;Nn:::23/07/2019;22:24:00;5061;N VaXXX si mm:::23/07/2019;22:24:00;5055;Aiii Dr.love:::23/07/2019;22:25:00;5061;Na ww n patient:::23/07/2019;22:28:00;5055;Sindiyo:::23/07/2019;22:28:00;5061;Sawa:::23/07/2019;22:28:00;5055;Fity:::23/07/2019;22:31:00;5061;Unakam lini:::23/07/2019;22:32:00;5055;Nko kwa njia", "r_content": "23/07/2019;22:32:00;5061;Aina was"}, "26": {"s_content": "23/07/2019;22:24:00;5061;Nn:::23/07/2019;22:24:00;5061;N VaXXX si mm:::23/07/2019;22:24:00;5055;Aiii Dr.love:::23/07/2019;22:25:00;5061;Na ww n patient:::23/07/2019;22:28:00;5055;Sindiyo:::23/07/2019;22:28:00;5061;Sawa:::23/07/2019;22:28:00;5055;Fity:::23/07/2019;22:31:00;5061;Unakam lini:::23/07/2019;22:32:00;5055;Nko kwa njia:::23/07/2019;22:32:00;5061;Aina was", "r_content": "23/07/2019;22:32:00;5055;Mmmh"}, "27": {"s_content": "23/07/2019;22:24:00;5061;N VaXXX si mm:::23/07/2019;22:24:00;5055;Aiii Dr.love:::23/07/2019;22:25:00;5061;Na ww n patient:::23/07/2019;22:28:00;5055;Sindiyo:::23/07/2019;22:28:00;5061;Sawa:::23/07/2019;22:28:00;5055;Fity:::23/07/2019;22:31:00;5061;Unakam lini:::23/07/2019;22:32:00;5055;Nko kwa njia:::23/07/2019;22:32:00;5061;Aina was:::23/07/2019;22:32:00;5055;Mmmh", "r_content": "23/07/2019;22:32:00;5061;Cheki c ulale"}, "28": {"s_content": "23/07/2019;22:24:00;5055;Aiii Dr.love:::23/07/2019;22:25:00;5061;Na ww n patient:::23/07/2019;22:28:00;5055;Sindiyo:::23/07/2019;22:28:00;5061;Sawa:::23/07/2019;22:28:00;5055;Fity:::23/07/2019;22:31:00;5061;Unakam lini:::23/07/2019;22:32:00;5055;Nko kwa njia:::23/07/2019;22:32:00;5061;Aina was:::23/07/2019;22:32:00;5055;Mmmh:::23/07/2019;22:32:00;5061;Cheki c ulale", "r_content": "23/07/2019;22:32:00;5055;Nitegee tuu Apo gate"}, "29": {"s_content": "23/07/2019;22:25:00;5061;Na ww n patient:::23/07/2019;22:28:00;5055;Sindiyo:::23/07/2019;22:28:00;5061;Sawa:::23/07/2019;22:28:00;5055;Fity:::23/07/2019;22:31:00;5061;Unakam lini:::23/07/2019;22:32:00;5055;Nko kwa njia:::23/07/2019;22:32:00;5061;Aina was:::23/07/2019;22:32:00;5055;Mmmh:::23/07/2019;22:32:00;5061;Cheki c ulale:::23/07/2019;22:32:00;5055;Nitegee tuu Apo gate", "r_content": "23/07/2019;22:33:00;5055;\ud83e\udd38\u200d\u2640\ud83e\udd38\u200d\u2640"}, "30": {"s_content": "23/07/2019;22:28:00;5055;Sindiyo:::23/07/2019;22:28:00;5061;Sawa:::23/07/2019;22:28:00;5055;Fity:::23/07/2019;22:31:00;5061;Unakam lini:::23/07/2019;22:32:00;5055;Nko kwa njia:::23/07/2019;22:32:00;5061;Aina was:::23/07/2019;22:32:00;5055;Mmmh:::23/07/2019;22:32:00;5061;Cheki c ulale:::23/07/2019;22:32:00;5055;Nitegee tuu Apo gate:::23/07/2019;22:33:00;5055;\ud83e\udd38\u200d\u2640\ud83e\udd38\u200d\u2640", "r_content": "23/07/2019;22:33:00;5061;Usijaribu"}, "31": {"s_content": "23/07/2019;22:28:00;5061;Sawa:::23/07/2019;22:28:00;5055;Fity:::23/07/2019;22:31:00;5061;Unakam lini:::23/07/2019;22:32:00;5055;Nko kwa njia:::23/07/2019;22:32:00;5061;Aina was:::23/07/2019;22:32:00;5055;Mmmh:::23/07/2019;22:32:00;5061;Cheki c ulale:::23/07/2019;22:32:00;5055;Nitegee tuu Apo gate:::23/07/2019;22:33:00;5055;\ud83e\udd38\u200d\u2640\ud83e\udd38\u200d\u2640:::23/07/2019;22:33:00;5061;Usijaribu", "r_content": "23/07/2019;22:33:00;5055;Eeeiii"}, "32": {"s_content": "23/07/2019;22:28:00;5055;Fity:::23/07/2019;22:31:00;5061;Unakam lini:::23/07/2019;22:32:00;5055;Nko kwa njia:::23/07/2019;22:32:00;5061;Aina was:::23/07/2019;22:32:00;5055;Mmmh:::23/07/2019;22:32:00;5061;Cheki c ulale:::23/07/2019;22:32:00;5055;Nitegee tuu Apo gate:::23/07/2019;22:33:00;5055;\ud83e\udd38\u200d\u2640\ud83e\udd38\u200d\u2640:::23/07/2019;22:33:00;5061;Usijaribu:::23/07/2019;22:33:00;5055;Eeeiii", "r_content": "23/07/2019;22:33:00;5061;Umeanza"}, "33": {"s_content": "23/07/2019;22:31:00;5061;Unakam lini:::23/07/2019;22:32:00;5055;Nko kwa njia:::23/07/2019;22:32:00;5061;Aina was:::23/07/2019;22:32:00;5055;Mmmh:::23/07/2019;22:32:00;5061;Cheki c ulale:::23/07/2019;22:32:00;5055;Nitegee tuu Apo gate:::23/07/2019;22:33:00;5055;\ud83e\udd38\u200d\u2640\ud83e\udd38\u200d\u2640:::23/07/2019;22:33:00;5061;Usijaribu:::23/07/2019;22:33:00;5055;Eeeiii:::23/07/2019;22:33:00;5061;Umeanza", "r_content": "23/07/2019;22:33:00;5061;Staki wageni wa usiku"}, "34": {"s_content": "23/07/2019;22:32:00;5055;Nko kwa njia:::23/07/2019;22:32:00;5061;Aina was:::23/07/2019;22:32:00;5055;Mmmh:::23/07/2019;22:32:00;5061;Cheki c ulale:::23/07/2019;22:32:00;5055;Nitegee tuu Apo gate:::23/07/2019;22:33:00;5055;\ud83e\udd38\u200d\u2640\ud83e\udd38\u200d\u2640:::23/07/2019;22:33:00;5061;Usijaribu:::23/07/2019;22:33:00;5055;Eeeiii:::23/07/2019;22:33:00;5061;Umeanza:::23/07/2019;22:33:00;5061;Staki wageni wa usiku", "r_content": "23/07/2019;22:33:00;5055;Nmestart"}, "35": {"s_content": "23/07/2019;22:32:00;5061;Aina was:::23/07/2019;22:32:00;5055;Mmmh:::23/07/2019;22:32:00;5061;Cheki c ulale:::23/07/2019;22:32:00;5055;Nitegee tuu Apo gate:::23/07/2019;22:33:00;5055;\ud83e\udd38\u200d\u2640\ud83e\udd38\u200d\u2640:::23/07/2019;22:33:00;5061;Usijaribu:::23/07/2019;22:33:00;5055;Eeeiii:::23/07/2019;22:33:00;5061;Umeanza:::23/07/2019;22:33:00;5061;Staki wageni wa usiku:::23/07/2019;22:33:00;5055;Nmestart", "r_content": "23/07/2019;22:33:00;5055;Auuuiiii"}, "36": {"s_content": "23/07/2019;22:32:00;5055;Mmmh:::23/07/2019;22:32:00;5061;Cheki c ulale:::23/07/2019;22:32:00;5055;Nitegee tuu Apo gate:::23/07/2019;22:33:00;5055;\ud83e\udd38\u200d\u2640\ud83e\udd38\u200d\u2640:::23/07/2019;22:33:00;5061;Usijaribu:::23/07/2019;22:33:00;5055;Eeeiii:::23/07/2019;22:33:00;5061;Umeanza:::23/07/2019;22:33:00;5061;Staki wageni wa usiku:::23/07/2019;22:33:00;5055;Nmestart:::23/07/2019;22:33:00;5055;Auuuiiii", "r_content": "23/07/2019;22:35:00;5061;Aya...katambe"}, "37": {"s_content": "23/07/2019;22:32:00;5061;Cheki c ulale:::23/07/2019;22:32:00;5055;Nitegee tuu Apo gate:::23/07/2019;22:33:00;5055;\ud83e\udd38\u200d\u2640\ud83e\udd38\u200d\u2640:::23/07/2019;22:33:00;5061;Usijaribu:::23/07/2019;22:33:00;5055;Eeeiii:::23/07/2019;22:33:00;5061;Umeanza:::23/07/2019;22:33:00;5061;Staki wageni wa usiku:::23/07/2019;22:33:00;5055;Nmestart:::23/07/2019;22:33:00;5055;Auuuiiii:::23/07/2019;22:35:00;5061;Aya...katambe", "r_content": "23/07/2019;22:35:00;5061;\ud83c\udf6d\ud83d\ude8c"}, "38": {"s_content": "23/07/2019;22:32:00;5055;Nitegee tuu Apo gate:::23/07/2019;22:33:00;5055;\ud83e\udd38\u200d\u2640\ud83e\udd38\u200d\u2640:::23/07/2019;22:33:00;5061;Usijaribu:::23/07/2019;22:33:00;5055;Eeeiii:::23/07/2019;22:33:00;5061;Umeanza:::23/07/2019;22:33:00;5061;Staki wageni wa usiku:::23/07/2019;22:33:00;5055;Nmestart:::23/07/2019;22:33:00;5055;Auuuiiii:::23/07/2019;22:35:00;5061;Aya...katambe:::23/07/2019;22:35:00;5061;\ud83c\udf6d\ud83d\ude8c", "r_content": "23/07/2019;22:38:00;5055;\ud83e\udd23\ud83e\udd23\ud83e\udd23\ud83e\udd23 unawatch DJ afro\ud83e\udd14\ud83e\udd14"}, "39": {"s_content": "23/07/2019;22:33:00;5055;\ud83e\udd38\u200d\u2640\ud83e\udd38\u200d\u2640:::23/07/2019;22:33:00;5061;Usijaribu:::23/07/2019;22:33:00;5055;Eeeiii:::23/07/2019;22:33:00;5061;Umeanza:::23/07/2019;22:33:00;5061;Staki wageni wa usiku:::23/07/2019;22:33:00;5055;Nmestart:::23/07/2019;22:33:00;5055;Auuuiiii:::23/07/2019;22:35:00;5061;Aya...katambe:::23/07/2019;22:35:00;5061;\ud83c\udf6d\ud83d\ude8c:::23/07/2019;22:38:00;5055;\ud83e\udd23\ud83e\udd23\ud83e\udd23\ud83e\udd23 unawatch DJ afro\ud83e\udd14\ud83e\udd14", "r_content": "23/07/2019;22:39:00;5061;\ud83d\ude41\ud83d\ude15"}, "40": {"s_content": "23/07/2019;22:33:00;5061;Usijaribu:::23/07/2019;22:33:00;5055;Eeeiii:::23/07/2019;22:33:00;5061;Umeanza:::23/07/2019;22:33:00;5061;Staki wageni wa usiku:::23/07/2019;22:33:00;5055;Nmestart:::23/07/2019;22:33:00;5055;Auuuiiii:::23/07/2019;22:35:00;5061;Aya...katambe:::23/07/2019;22:35:00;5061;\ud83c\udf6d\ud83d\ude8c:::23/07/2019;22:38:00;5055;\ud83e\udd23\ud83e\udd23\ud83e\udd23\ud83e\udd23 unawatch DJ afro\ud83e\udd14\ud83e\udd14:::23/07/2019;22:39:00;5061;\ud83d\ude41\ud83d\ude15", "r_content": "23/07/2019;22:53:00;Vijana-SMART 1;Hahhahaa hapa nimepotea...."}, "41": {"s_content": "23/07/2019;22:33:00;5055;Eeeiii:::23/07/2019;22:33:00;5061;Umeanza:::23/07/2019;22:33:00;5061;Staki wageni wa usiku:::23/07/2019;22:33:00;5055;Nmestart:::23/07/2019;22:33:00;5055;Auuuiiii:::23/07/2019;22:35:00;5061;Aya...katambe:::23/07/2019;22:35:00;5061;\ud83c\udf6d\ud83d\ude8c:::23/07/2019;22:38:00;5055;\ud83e\udd23\ud83e\udd23\ud83e\udd23\ud83e\udd23 unawatch DJ afro\ud83e\udd14\ud83e\udd14:::23/07/2019;22:39:00;5061;\ud83d\ude41\ud83d\ude15:::23/07/2019;22:53:00;Vijana-SMART 1;Hahhahaa hapa nimepotea....", "r_content": "23/07/2019;22:54:00;Vijana-SMART 1;Hehhehe nichanueni, hizi ni salamu ama??"}, "42": {"s_content": "23/07/2019;22:33:00;5061;Umeanza:::23/07/2019;22:33:00;5061;Staki wageni wa usiku:::23/07/2019;22:33:00;5055;Nmestart:::23/07/2019;22:33:00;5055;Auuuiiii:::23/07/2019;22:35:00;5061;Aya...katambe:::23/07/2019;22:35:00;5061;\ud83c\udf6d\ud83d\ude8c:::23/07/2019;22:38:00;5055;\ud83e\udd23\ud83e\udd23\ud83e\udd23\ud83e\udd23 unawatch DJ afro\ud83e\udd14\ud83e\udd14:::23/07/2019;22:39:00;5061;\ud83d\ude41\ud83d\ude15:::23/07/2019;22:53:00;Vijana-SMART 1;Hahhahaa hapa nimepotea....:::23/07/2019;22:54:00;Vijana-SMART 1;Hehhehe nichanueni, hizi ni salamu ama??", "r_content": "23/07/2019;23:01:00;5061;Yeah n salamu"}, "43": {"s_content": "23/07/2019;22:33:00;5061;Staki wageni wa usiku:::23/07/2019;22:33:00;5055;Nmestart:::23/07/2019;22:33:00;5055;Auuuiiii:::23/07/2019;22:35:00;5061;Aya...katambe:::23/07/2019;22:35:00;5061;\ud83c\udf6d\ud83d\ude8c:::23/07/2019;22:38:00;5055;\ud83e\udd23\ud83e\udd23\ud83e\udd23\ud83e\udd23 unawatch DJ afro\ud83e\udd14\ud83e\udd14:::23/07/2019;22:39:00;5061;\ud83d\ude41\ud83d\ude15:::23/07/2019;22:53:00;Vijana-SMART 1;Hahhahaa hapa nimepotea....:::23/07/2019;22:54:00;Vijana-SMART 1;Hehhehe nichanueni, hizi ni salamu ama??:::23/07/2019;23:01:00;5061;Yeah n salamu", "r_content": "23/07/2019;23:02:00;5061;Lakini hii ni uchokozi"}, "44": {"s_content": "23/07/2019;22:33:00;5055;Nmestart:::23/07/2019;22:33:00;5055;Auuuiiii:::23/07/2019;22:35:00;5061;Aya...katambe:::23/07/2019;22:35:00;5061;\ud83c\udf6d\ud83d\ude8c:::23/07/2019;22:38:00;5055;\ud83e\udd23\ud83e\udd23\ud83e\udd23\ud83e\udd23 unawatch DJ afro\ud83e\udd14\ud83e\udd14:::23/07/2019;22:39:00;5061;\ud83d\ude41\ud83d\ude15:::23/07/2019;22:53:00;Vijana-SMART 1;Hahhahaa hapa nimepotea....:::23/07/2019;22:54:00;Vijana-SMART 1;Hehhehe nichanueni, hizi ni salamu ama??:::23/07/2019;23:01:00;5061;Yeah n salamu:::23/07/2019;23:02:00;5061;Lakini hii ni uchokozi", "r_content": "24/07/2019;07:01:00;5055;Aiiii"}, "45": {"s_content": "23/07/2019;22:33:00;5055;Auuuiiii:::23/07/2019;22:35:00;5061;Aya...katambe:::23/07/2019;22:35:00;5061;\ud83c\udf6d\ud83d\ude8c:::23/07/2019;22:38:00;5055;\ud83e\udd23\ud83e\udd23\ud83e\udd23\ud83e\udd23 unawatch DJ afro\ud83e\udd14\ud83e\udd14:::23/07/2019;22:39:00;5061;\ud83d\ude41\ud83d\ude15:::23/07/2019;22:53:00;Vijana-SMART 1;Hahhahaa hapa nimepotea....:::23/07/2019;22:54:00;Vijana-SMART 1;Hehhehe nichanueni, hizi ni salamu ama??:::23/07/2019;23:01:00;5061;Yeah n salamu:::23/07/2019;23:02:00;5061;Lakini hii ni uchokozi:::24/07/2019;07:01:00;5055;Aiiii", "r_content": "24/07/2019;07:02:00;5055;Uchokozi gani"}, "46": {"s_content": "23/07/2019;22:35:00;5061;Aya...katambe:::23/07/2019;22:35:00;5061;\ud83c\udf6d\ud83d\ude8c:::23/07/2019;22:38:00;5055;\ud83e\udd23\ud83e\udd23\ud83e\udd23\ud83e\udd23 unawatch DJ afro\ud83e\udd14\ud83e\udd14:::23/07/2019;22:39:00;5061;\ud83d\ude41\ud83d\ude15:::23/07/2019;22:53:00;Vijana-SMART 1;Hahhahaa hapa nimepotea....:::23/07/2019;22:54:00;Vijana-SMART 1;Hehhehe nichanueni, hizi ni salamu ama??:::23/07/2019;23:01:00;5061;Yeah n salamu:::23/07/2019;23:02:00;5061;Lakini hii ni uchokozi:::24/07/2019;07:01:00;5055;Aiiii:::24/07/2019;07:02:00;5055;Uchokozi gani", "r_content": "24/07/2019;08:02:00;5028;Nn mulzana BiXXX n VeXXX"}, "47": {"s_content": "23/07/2019;22:35:00;5061;\ud83c\udf6d\ud83d\ude8c:::23/07/2019;22:38:00;5055;\ud83e\udd23\ud83e\udd23\ud83e\udd23\ud83e\udd23 unawatch DJ afro\ud83e\udd14\ud83e\udd14:::23/07/2019;22:39:00;5061;\ud83d\ude41\ud83d\ude15:::23/07/2019;22:53:00;Vijana-SMART 1;Hahhahaa hapa nimepotea....:::23/07/2019;22:54:00;Vijana-SMART 1;Hehhehe nichanueni, hizi ni salamu ama??:::23/07/2019;23:01:00;5061;Yeah n salamu:::23/07/2019;23:02:00;5061;Lakini hii ni uchokozi:::24/07/2019;07:01:00;5055;Aiiii:::24/07/2019;07:02:00;5055;Uchokozi gani:::24/07/2019;08:02:00;5028;Nn mulzana BiXXX n VeXXX", "r_content": "24/07/2019;10:47:00;Vijana-SMART 1;I think ni ubeste tu ama??"}, "48": {"s_content": "23/07/2019;22:38:00;5055;\ud83e\udd23\ud83e\udd23\ud83e\udd23\ud83e\udd23 unawatch DJ afro\ud83e\udd14\ud83e\udd14:::23/07/2019;22:39:00;5061;\ud83d\ude41\ud83d\ude15:::23/07/2019;22:53:00;Vijana-SMART 1;Hahhahaa hapa nimepotea....:::23/07/2019;22:54:00;Vijana-SMART 1;Hehhehe nichanueni, hizi ni salamu ama??:::23/07/2019;23:01:00;5061;Yeah n salamu:::23/07/2019;23:02:00;5061;Lakini hii ni uchokozi:::24/07/2019;07:01:00;5055;Aiiii:::24/07/2019;07:02:00;5055;Uchokozi gani:::24/07/2019;08:02:00;5028;Nn mulzana BiXXX n VeXXX:::24/07/2019;10:47:00;Vijana-SMART 1;I think ni ubeste tu ama??", "r_content": "24/07/2019;15:39:00;5061;Eeeeeh...ni ubeste tuh"}, "49": {"s_content": "23/07/2019;22:39:00;5061;\ud83d\ude41\ud83d\ude15:::23/07/2019;22:53:00;Vijana-SMART 1;Hahhahaa hapa nimepotea....:::23/07/2019;22:54:00;Vijana-SMART 1;Hehhehe nichanueni, hizi ni salamu ama??:::23/07/2019;23:01:00;5061;Yeah n salamu:::23/07/2019;23:02:00;5061;Lakini hii ni uchokozi:::24/07/2019;07:01:00;5055;Aiiii:::24/07/2019;07:02:00;5055;Uchokozi gani:::24/07/2019;08:02:00;5028;Nn mulzana BiXXX n VeXXX:::24/07/2019;10:47:00;Vijana-SMART 1;I think ni ubeste tu ama??:::24/07/2019;15:39:00;5061;Eeeeeh...ni ubeste tuh", "r_content": "24/07/2019;16:32:00;5055;Tuko poa"}, "50": {"s_content": "23/07/2019;22:53:00;Vijana-SMART 1;Hahhahaa hapa nimepotea....:::23/07/2019;22:54:00;Vijana-SMART 1;Hehhehe nichanueni, hizi ni salamu ama??:::23/07/2019;23:01:00;5061;Yeah n salamu:::23/07/2019;23:02:00;5061;Lakini hii ni uchokozi:::24/07/2019;07:01:00;5055;Aiiii:::24/07/2019;07:02:00;5055;Uchokozi gani:::24/07/2019;08:02:00;5028;Nn mulzana BiXXX n VeXXX:::24/07/2019;10:47:00;Vijana-SMART 1;I think ni ubeste tu ama??:::24/07/2019;15:39:00;5061;Eeeeeh...ni ubeste tuh:::24/07/2019;16:32:00;5055;Tuko poa", "r_content": "24/07/2019;16:33:00;5055;Exactly... Uko correct expert D"}, "51": {"s_content": "23/07/2019;22:54:00;Vijana-SMART 1;Hehhehe nichanueni, hizi ni salamu ama??:::23/07/2019;23:01:00;5061;Yeah n salamu:::23/07/2019;23:02:00;5061;Lakini hii ni uchokozi:::24/07/2019;07:01:00;5055;Aiiii:::24/07/2019;07:02:00;5055;Uchokozi gani:::24/07/2019;08:02:00;5028;Nn mulzana BiXXX n VeXXX:::24/07/2019;10:47:00;Vijana-SMART 1;I think ni ubeste tu ama??:::24/07/2019;15:39:00;5061;Eeeeeh...ni ubeste tuh:::24/07/2019;16:32:00;5055;Tuko poa:::24/07/2019;16:33:00;5055;Exactly... Uko correct expert D", "r_content": "24/07/2019;17:15:00;5028;<Media omitted>"}, "52": {"s_content": "23/07/2019;23:01:00;5061;Yeah n salamu:::23/07/2019;23:02:00;5061;Lakini hii ni uchokozi:::24/07/2019;07:01:00;5055;Aiiii:::24/07/2019;07:02:00;5055;Uchokozi gani:::24/07/2019;08:02:00;5028;Nn mulzana BiXXX n VeXXX:::24/07/2019;10:47:00;Vijana-SMART 1;I think ni ubeste tu ama??:::24/07/2019;15:39:00;5061;Eeeeeh...ni ubeste tuh:::24/07/2019;16:32:00;5055;Tuko poa:::24/07/2019;16:33:00;5055;Exactly... Uko correct expert D:::24/07/2019;17:15:00;5028;<Media omitted>", "r_content": "nan;nan;nan;\ud83d\ude02\ud83d\ude02"}, "53": {"s_content": "23/07/2019;23:02:00;5061;Lakini hii ni uchokozi:::24/07/2019;07:01:00;5055;Aiiii:::24/07/2019;07:02:00;5055;Uchokozi gani:::24/07/2019;08:02:00;5028;Nn mulzana BiXXX n VeXXX:::24/07/2019;10:47:00;Vijana-SMART 1;I think ni ubeste tu ama??:::24/07/2019;15:39:00;5061;Eeeeeh...ni ubeste tuh:::24/07/2019;16:32:00;5055;Tuko poa:::24/07/2019;16:33:00;5055;Exactly... Uko correct expert D:::24/07/2019;17:15:00;5028;<Media omitted>:::nan;nan;nan;\ud83d\ude02\ud83d\ude02", "r_content": "24/07/2019;19:40:00;5055;Usihame\ud83d\ude05"}, "54": {"s_content": "24/07/2019;07:01:00;5055;Aiiii:::24/07/2019;07:02:00;5055;Uchokozi gani:::24/07/2019;08:02:00;5028;Nn mulzana BiXXX n VeXXX:::24/07/2019;10:47:00;Vijana-SMART 1;I think ni ubeste tu ama??:::24/07/2019;15:39:00;5061;Eeeeeh...ni ubeste tuh:::24/07/2019;16:32:00;5055;Tuko poa:::24/07/2019;16:33:00;5055;Exactly... Uko correct expert D:::24/07/2019;17:15:00;5028;<Media omitted>:::nan;nan;nan;\ud83d\ude02\ud83d\ude02:::24/07/2019;19:40:00;5055;Usihame\ud83d\ude05", "r_content": "24/07/2019;19:45:00;5055;Watu wameenda wapi uku nadai tuchangamkie ile idea\ud83d\ude05\ud83e\udd14\ud83e\udd14"}, "55": {"s_content": "24/07/2019;07:02:00;5055;Uchokozi gani:::24/07/2019;08:02:00;5028;Nn mulzana BiXXX n VeXXX:::24/07/2019;10:47:00;Vijana-SMART 1;I think ni ubeste tu ama??:::24/07/2019;15:39:00;5061;Eeeeeh...ni ubeste tuh:::24/07/2019;16:32:00;5055;Tuko poa:::24/07/2019;16:33:00;5055;Exactly... Uko correct expert D:::24/07/2019;17:15:00;5028;<Media omitted>:::nan;nan;nan;\ud83d\ude02\ud83d\ude02:::24/07/2019;19:40:00;5055;Usihame\ud83d\ude05:::24/07/2019;19:45:00;5055;Watu wameenda wapi uku nadai tuchangamkie ile idea\ud83d\ude05\ud83e\udd14\ud83e\udd14", "r_content": "24/07/2019;19:48:00;5061;Idea gani"}, "56": {"s_content": "24/07/2019;08:02:00;5028;Nn mulzana BiXXX n VeXXX:::24/07/2019;10:47:00;Vijana-SMART 1;I think ni ubeste tu ama??:::24/07/2019;15:39:00;5061;Eeeeeh...ni ubeste tuh:::24/07/2019;16:32:00;5055;Tuko poa:::24/07/2019;16:33:00;5055;Exactly... Uko correct expert D:::24/07/2019;17:15:00;5028;<Media omitted>:::nan;nan;nan;\ud83d\ude02\ud83d\ude02:::24/07/2019;19:40:00;5055;Usihame\ud83d\ude05:::24/07/2019;19:45:00;5055;Watu wameenda wapi uku nadai tuchangamkie ile idea\ud83d\ude05\ud83e\udd14\ud83e\udd14:::24/07/2019;19:48:00;5061;Idea gani", "r_content": "24/07/2019;19:49:00;5055;\u261d\u261d"}, "57": {"s_content": "24/07/2019;10:47:00;Vijana-SMART 1;I think ni ubeste tu ama??:::24/07/2019;15:39:00;5061;Eeeeeh...ni ubeste tuh:::24/07/2019;16:32:00;5055;Tuko poa:::24/07/2019;16:33:00;5055;Exactly... Uko correct expert D:::24/07/2019;17:15:00;5028;<Media omitted>:::nan;nan;nan;\ud83d\ude02\ud83d\ude02:::24/07/2019;19:40:00;5055;Usihame\ud83d\ude05:::24/07/2019;19:45:00;5055;Watu wameenda wapi uku nadai tuchangamkie ile idea\ud83d\ude05\ud83e\udd14\ud83e\udd14:::24/07/2019;19:48:00;5061;Idea gani:::24/07/2019;19:49:00;5055;\u261d\u261d", "r_content": "24/07/2019;19:50:00;5055;Na wewe jaribu kua offline"}, "58": {"s_content": "24/07/2019;15:39:00;5061;Eeeeeh...ni ubeste tuh:::24/07/2019;16:32:00;5055;Tuko poa:::24/07/2019;16:33:00;5055;Exactly... Uko correct expert D:::24/07/2019;17:15:00;5028;<Media omitted>:::nan;nan;nan;\ud83d\ude02\ud83d\ude02:::24/07/2019;19:40:00;5055;Usihame\ud83d\ude05:::24/07/2019;19:45:00;5055;Watu wameenda wapi uku nadai tuchangamkie ile idea\ud83d\ude05\ud83e\udd14\ud83e\udd14:::24/07/2019;19:48:00;5061;Idea gani:::24/07/2019;19:49:00;5055;\u261d\u261d:::24/07/2019;19:50:00;5055;Na wewe jaribu kua offline", "r_content": "24/07/2019;19:50:00;5055;Kila SAA uko online aaiiii"}, "59": {"s_content": "24/07/2019;16:32:00;5055;Tuko poa:::24/07/2019;16:33:00;5055;Exactly... Uko correct expert D:::24/07/2019;17:15:00;5028;<Media omitted>:::nan;nan;nan;\ud83d\ude02\ud83d\ude02:::24/07/2019;19:40:00;5055;Usihame\ud83d\ude05:::24/07/2019;19:45:00;5055;Watu wameenda wapi uku nadai tuchangamkie ile idea\ud83d\ude05\ud83e\udd14\ud83e\udd14:::24/07/2019;19:48:00;5061;Idea gani:::24/07/2019;19:49:00;5055;\u261d\u261d:::24/07/2019;19:50:00;5055;Na wewe jaribu kua offline:::24/07/2019;19:50:00;5055;Kila SAA uko online aaiiii", "r_content": "24/07/2019;19:51:00;5061;Juu ww uko offline.. Hata bundles si zako shidaako n nn"}, "60": {"s_content": "24/07/2019;16:33:00;5055;Exactly... Uko correct expert D:::24/07/2019;17:15:00;5028;<Media omitted>:::nan;nan;nan;\ud83d\ude02\ud83d\ude02:::24/07/2019;19:40:00;5055;Usihame\ud83d\ude05:::24/07/2019;19:45:00;5055;Watu wameenda wapi uku nadai tuchangamkie ile idea\ud83d\ude05\ud83e\udd14\ud83e\udd14:::24/07/2019;19:48:00;5061;Idea gani:::24/07/2019;19:49:00;5055;\u261d\u261d:::24/07/2019;19:50:00;5055;Na wewe jaribu kua offline:::24/07/2019;19:50:00;5055;Kila SAA uko online aaiiii:::24/07/2019;19:51:00;5061;Juu ww uko offline.. Hata bundles si zako shidaako n nn", "r_content": "24/07/2019;19:52:00;5061;\ud83d\udc47\ud83d\udc47\ud83d\udc47 Tuchangamke"}, "61": {"s_content": "24/07/2019;17:15:00;5028;<Media omitted>:::nan;nan;nan;\ud83d\ude02\ud83d\ude02:::24/07/2019;19:40:00;5055;Usihame\ud83d\ude05:::24/07/2019;19:45:00;5055;Watu wameenda wapi uku nadai tuchangamkie ile idea\ud83d\ude05\ud83e\udd14\ud83e\udd14:::24/07/2019;19:48:00;5061;Idea gani:::24/07/2019;19:49:00;5055;\u261d\u261d:::24/07/2019;19:50:00;5055;Na wewe jaribu kua offline:::24/07/2019;19:50:00;5055;Kila SAA uko online aaiiii:::24/07/2019;19:51:00;5061;Juu ww uko offline.. Hata bundles si zako shidaako n nn:::24/07/2019;19:52:00;5061;\ud83d\udc47\ud83d\udc47\ud83d\udc47 Tuchangamke", "r_content": "24/07/2019;19:52:00;5055;Siyo Mimi nlibuy izo bundles unatumia\ud83e\udd70\ud83e\udd70"}, "62": {"s_content": "nan;nan;nan;\ud83d\ude02\ud83d\ude02:::24/07/2019;19:40:00;5055;Usihame\ud83d\ude05:::24/07/2019;19:45:00;5055;Watu wameenda wapi uku nadai tuchangamkie ile idea\ud83d\ude05\ud83e\udd14\ud83e\udd14:::24/07/2019;19:48:00;5061;Idea gani:::24/07/2019;19:49:00;5055;\u261d\u261d:::24/07/2019;19:50:00;5055;Na wewe jaribu kua offline:::24/07/2019;19:50:00;5055;Kila SAA uko online aaiiii:::24/07/2019;19:51:00;5061;Juu ww uko offline.. Hata bundles si zako shidaako n nn:::24/07/2019;19:52:00;5061;\ud83d\udc47\ud83d\udc47\ud83d\udc47 Tuchangamke:::24/07/2019;19:52:00;5055;Siyo Mimi nlibuy izo bundles unatumia\ud83e\udd70\ud83e\udd70", "r_content": "24/07/2019;19:52:00;5055;Anza"}, "63": {"s_content": "24/07/2019;19:40:00;5055;Usihame\ud83d\ude05:::24/07/2019;19:45:00;5055;Watu wameenda wapi uku nadai tuchangamkie ile idea\ud83d\ude05\ud83e\udd14\ud83e\udd14:::24/07/2019;19:48:00;5061;Idea gani:::24/07/2019;19:49:00;5055;\u261d\u261d:::24/07/2019;19:50:00;5055;Na wewe jaribu kua offline:::24/07/2019;19:50:00;5055;Kila SAA uko online aaiiii:::24/07/2019;19:51:00;5061;Juu ww uko offline.. Hata bundles si zako shidaako n nn:::24/07/2019;19:52:00;5061;\ud83d\udc47\ud83d\udc47\ud83d\udc47 Tuchangamke:::24/07/2019;19:52:00;5055;Siyo Mimi nlibuy izo bundles unatumia\ud83e\udd70\ud83e\udd70:::24/07/2019;19:52:00;5055;Anza", "r_content": "24/07/2019;19:52:00;5061;Eeeeeiiiish...ni excuse"}, "64": {"s_content": "24/07/2019;19:45:00;5055;Watu wameenda wapi uku nadai tuchangamkie ile idea\ud83d\ude05\ud83e\udd14\ud83e\udd14:::24/07/2019;19:48:00;5061;Idea gani:::24/07/2019;19:49:00;5055;\u261d\u261d:::24/07/2019;19:50:00;5055;Na wewe jaribu kua offline:::24/07/2019;19:50:00;5055;Kila SAA uko online aaiiii:::24/07/2019;19:51:00;5061;Juu ww uko offline.. Hata bundles si zako shidaako n nn:::24/07/2019;19:52:00;5061;\ud83d\udc47\ud83d\udc47\ud83d\udc47 Tuchangamke:::24/07/2019;19:52:00;5055;Siyo Mimi nlibuy izo bundles unatumia\ud83e\udd70\ud83e\udd70:::24/07/2019;19:52:00;5055;Anza:::24/07/2019;19:52:00;5061;Eeeeeiiiish...ni excuse", "r_content": "24/07/2019;19:53:00;5061;Patient... Uko na shida ya mapenzi juu mm n Dr. Love"}, "65": {"s_content": "24/07/2019;19:48:00;5061;Idea gani:::24/07/2019;19:49:00;5055;\u261d\u261d:::24/07/2019;19:50:00;5055;Na wewe jaribu kua offline:::24/07/2019;19:50:00;5055;Kila SAA uko online aaiiii:::24/07/2019;19:51:00;5061;Juu ww uko offline.. Hata bundles si zako shidaako n nn:::24/07/2019;19:52:00;5061;\ud83d\udc47\ud83d\udc47\ud83d\udc47 Tuchangamke:::24/07/2019;19:52:00;5055;Siyo Mimi nlibuy izo bundles unatumia\ud83e\udd70\ud83e\udd70:::24/07/2019;19:52:00;5055;Anza:::24/07/2019;19:52:00;5061;Eeeeeiiiish...ni excuse:::24/07/2019;19:53:00;5061;Patient... Uko na shida ya mapenzi juu mm n Dr. Love", "r_content": "24/07/2019;19:54:00;5055;Najua ni zile nlikubaia Jana... All in one monthly bundles\ud83e\udd38\u200d\u2640\ud83e\udd38\u200d\u2640"}, "66": {"s_content": "24/07/2019;19:49:00;5055;\u261d\u261d:::24/07/2019;19:50:00;5055;Na wewe jaribu kua offline:::24/07/2019;19:50:00;5055;Kila SAA uko online aaiiii:::24/07/2019;19:51:00;5061;Juu ww uko offline.. Hata bundles si zako shidaako n nn:::24/07/2019;19:52:00;5061;\ud83d\udc47\ud83d\udc47\ud83d\udc47 Tuchangamke:::24/07/2019;19:52:00;5055;Siyo Mimi nlibuy izo bundles unatumia\ud83e\udd70\ud83e\udd70:::24/07/2019;19:52:00;5055;Anza:::24/07/2019;19:52:00;5061;Eeeeeiiiish...ni excuse:::24/07/2019;19:53:00;5061;Patient... Uko na shida ya mapenzi juu mm n Dr. Love:::24/07/2019;19:54:00;5055;Najua ni zile nlikubaia Jana... All in one monthly bundles\ud83e\udd38\u200d\u2640\ud83e\udd38\u200d\u2640", "r_content": "24/07/2019;19:54:00;5055;Shida ni wewe"}, "67": {"s_content": "24/07/2019;19:50:00;5055;Na wewe jaribu kua offline:::24/07/2019;19:50:00;5055;Kila SAA uko online aaiiii:::24/07/2019;19:51:00;5061;Juu ww uko offline.. Hata bundles si zako shidaako n nn:::24/07/2019;19:52:00;5061;\ud83d\udc47\ud83d\udc47\ud83d\udc47 Tuchangamke:::24/07/2019;19:52:00;5055;Siyo Mimi nlibuy izo bundles unatumia\ud83e\udd70\ud83e\udd70:::24/07/2019;19:52:00;5055;Anza:::24/07/2019;19:52:00;5061;Eeeeeiiiish...ni excuse:::24/07/2019;19:53:00;5061;Patient... Uko na shida ya mapenzi juu mm n Dr. Love:::24/07/2019;19:54:00;5055;Najua ni zile nlikubaia Jana... All in one monthly bundles\ud83e\udd38\u200d\u2640\ud83e\udd38\u200d\u2640:::24/07/2019;19:54:00;5055;Shida ni wewe", "r_content": "24/07/2019;19:55:00;5061;Uko na shida ya kichwa c siri"}, "68": {"s_content": "24/07/2019;19:50:00;5055;Kila SAA uko online aaiiii:::24/07/2019;19:51:00;5061;Juu ww uko offline.. Hata bundles si zako shidaako n nn:::24/07/2019;19:52:00;5061;\ud83d\udc47\ud83d\udc47\ud83d\udc47 Tuchangamke:::24/07/2019;19:52:00;5055;Siyo Mimi nlibuy izo bundles unatumia\ud83e\udd70\ud83e\udd70:::24/07/2019;19:52:00;5055;Anza:::24/07/2019;19:52:00;5061;Eeeeeiiiish...ni excuse:::24/07/2019;19:53:00;5061;Patient... Uko na shida ya mapenzi juu mm n Dr. Love:::24/07/2019;19:54:00;5055;Najua ni zile nlikubaia Jana... All in one monthly bundles\ud83e\udd38\u200d\u2640\ud83e\udd38\u200d\u2640:::24/07/2019;19:54:00;5055;Shida ni wewe:::24/07/2019;19:55:00;5061;Uko na shida ya kichwa c siri", "r_content": "24/07/2019;19:56:00;5055;Sema tuu niache kukuaibisha"}, "69": {"s_content": "24/07/2019;19:51:00;5061;Juu ww uko offline.. Hata bundles si zako shidaako n nn:::24/07/2019;19:52:00;5061;\ud83d\udc47\ud83d\udc47\ud83d\udc47 Tuchangamke:::24/07/2019;19:52:00;5055;Siyo Mimi nlibuy izo bundles unatumia\ud83e\udd70\ud83e\udd70:::24/07/2019;19:52:00;5055;Anza:::24/07/2019;19:52:00;5061;Eeeeeiiiish...ni excuse:::24/07/2019;19:53:00;5061;Patient... Uko na shida ya mapenzi juu mm n Dr. Love:::24/07/2019;19:54:00;5055;Najua ni zile nlikubaia Jana... All in one monthly bundles\ud83e\udd38\u200d\u2640\ud83e\udd38\u200d\u2640:::24/07/2019;19:54:00;5055;Shida ni wewe:::24/07/2019;19:55:00;5061;Uko na shida ya kichwa c siri:::24/07/2019;19:56:00;5055;Sema tuu niache kukuaibisha", "r_content": "24/07/2019;19:56:00;5055;Sipendi uwongo Mimi"}, "70": {"s_content": "24/07/2019;19:52:00;5061;\ud83d\udc47\ud83d\udc47\ud83d\udc47 Tuchangamke:::24/07/2019;19:52:00;5055;Siyo Mimi nlibuy izo bundles unatumia\ud83e\udd70\ud83e\udd70:::24/07/2019;19:52:00;5055;Anza:::24/07/2019;19:52:00;5061;Eeeeeiiiish...ni excuse:::24/07/2019;19:53:00;5061;Patient... Uko na shida ya mapenzi juu mm n Dr. Love:::24/07/2019;19:54:00;5055;Najua ni zile nlikubaia Jana... All in one monthly bundles\ud83e\udd38\u200d\u2640\ud83e\udd38\u200d\u2640:::24/07/2019;19:54:00;5055;Shida ni wewe:::24/07/2019;19:55:00;5061;Uko na shida ya kichwa c siri:::24/07/2019;19:56:00;5055;Sema tuu niache kukuaibisha:::24/07/2019;19:56:00;5055;Sipendi uwongo Mimi", "r_content": "24/07/2019;19:57:00;5061;Unaambia"}, "71": {"s_content": "24/07/2019;19:52:00;5055;Siyo Mimi nlibuy izo bundles unatumia\ud83e\udd70\ud83e\udd70:::24/07/2019;19:52:00;5055;Anza:::24/07/2019;19:52:00;5061;Eeeeeiiiish...ni excuse:::24/07/2019;19:53:00;5061;Patient... Uko na shida ya mapenzi juu mm n Dr. Love:::24/07/2019;19:54:00;5055;Najua ni zile nlikubaia Jana... All in one monthly bundles\ud83e\udd38\u200d\u2640\ud83e\udd38\u200d\u2640:::24/07/2019;19:54:00;5055;Shida ni wewe:::24/07/2019;19:55:00;5061;Uko na shida ya kichwa c siri:::24/07/2019;19:56:00;5055;Sema tuu niache kukuaibisha:::24/07/2019;19:56:00;5055;Sipendi uwongo Mimi:::24/07/2019;19:57:00;5061;Unaambia", "r_content": "24/07/2019;19:57:00;5061;Sawa...juu hata nmechoka kuchat"}, "72": {"s_content": "24/07/2019;19:52:00;5055;Anza:::24/07/2019;19:52:00;5061;Eeeeeiiiish...ni excuse:::24/07/2019;19:53:00;5061;Patient... Uko na shida ya mapenzi juu mm n Dr. Love:::24/07/2019;19:54:00;5055;Najua ni zile nlikubaia Jana... All in one monthly bundles\ud83e\udd38\u200d\u2640\ud83e\udd38\u200d\u2640:::24/07/2019;19:54:00;5055;Shida ni wewe:::24/07/2019;19:55:00;5061;Uko na shida ya kichwa c siri:::24/07/2019;19:56:00;5055;Sema tuu niache kukuaibisha:::24/07/2019;19:56:00;5055;Sipendi uwongo Mimi:::24/07/2019;19:57:00;5061;Unaambia:::24/07/2019;19:57:00;5061;Sawa...juu hata nmechoka kuchat", "r_content": "24/07/2019;20:02:00;5055;Eeeh napendaga ivo the truth"}, "73": {"s_content": "24/07/2019;19:52:00;5061;Eeeeeiiiish...ni excuse:::24/07/2019;19:53:00;5061;Patient... Uko na shida ya mapenzi juu mm n Dr. Love:::24/07/2019;19:54:00;5055;Najua ni zile nlikubaia Jana... All in one monthly bundles\ud83e\udd38\u200d\u2640\ud83e\udd38\u200d\u2640:::24/07/2019;19:54:00;5055;Shida ni wewe:::24/07/2019;19:55:00;5061;Uko na shida ya kichwa c siri:::24/07/2019;19:56:00;5055;Sema tuu niache kukuaibisha:::24/07/2019;19:56:00;5055;Sipendi uwongo Mimi:::24/07/2019;19:57:00;5061;Unaambia:::24/07/2019;19:57:00;5061;Sawa...juu hata nmechoka kuchat:::24/07/2019;20:02:00;5055;Eeeh napendaga ivo the truth", "r_content": "24/07/2019;20:38:00;5058;Changamkeni wasee"}, "74": {"s_content": "24/07/2019;19:53:00;5061;Patient... Uko na shida ya mapenzi juu mm n Dr. Love:::24/07/2019;19:54:00;5055;Najua ni zile nlikubaia Jana... All in one monthly bundles\ud83e\udd38\u200d\u2640\ud83e\udd38\u200d\u2640:::24/07/2019;19:54:00;5055;Shida ni wewe:::24/07/2019;19:55:00;5061;Uko na shida ya kichwa c siri:::24/07/2019;19:56:00;5055;Sema tuu niache kukuaibisha:::24/07/2019;19:56:00;5055;Sipendi uwongo Mimi:::24/07/2019;19:57:00;5061;Unaambia:::24/07/2019;19:57:00;5061;Sawa...juu hata nmechoka kuchat:::24/07/2019;20:02:00;5055;Eeeh napendaga ivo the truth:::24/07/2019;20:38:00;5058;Changamkeni wasee", "r_content": "24/07/2019;22:02:00;5055;Eeeh msee anza"}, "75": {"s_content": "24/07/2019;19:54:00;5055;Najua ni zile nlikubaia Jana... All in one monthly bundles\ud83e\udd38\u200d\u2640\ud83e\udd38\u200d\u2640:::24/07/2019;19:54:00;5055;Shida ni wewe:::24/07/2019;19:55:00;5061;Uko na shida ya kichwa c siri:::24/07/2019;19:56:00;5055;Sema tuu niache kukuaibisha:::24/07/2019;19:56:00;5055;Sipendi uwongo Mimi:::24/07/2019;19:57:00;5061;Unaambia:::24/07/2019;19:57:00;5061;Sawa...juu hata nmechoka kuchat:::24/07/2019;20:02:00;5055;Eeeh napendaga ivo the truth:::24/07/2019;20:38:00;5058;Changamkeni wasee:::24/07/2019;22:02:00;5055;Eeeh msee anza", "r_content": "24/07/2019;22:43:00;5058;Nianze?"}, "76": {"s_content": "24/07/2019;19:54:00;5055;Shida ni wewe:::24/07/2019;19:55:00;5061;Uko na shida ya kichwa c siri:::24/07/2019;19:56:00;5055;Sema tuu niache kukuaibisha:::24/07/2019;19:56:00;5055;Sipendi uwongo Mimi:::24/07/2019;19:57:00;5061;Unaambia:::24/07/2019;19:57:00;5061;Sawa...juu hata nmechoka kuchat:::24/07/2019;20:02:00;5055;Eeeh napendaga ivo the truth:::24/07/2019;20:38:00;5058;Changamkeni wasee:::24/07/2019;22:02:00;5055;Eeeh msee anza:::24/07/2019;22:43:00;5058;Nianze?", "r_content": "24/07/2019;22:48:00;5061;Anza VaXXX..huku n kama watu wamelala"}, "77": {"s_content": "24/07/2019;19:55:00;5061;Uko na shida ya kichwa c siri:::24/07/2019;19:56:00;5055;Sema tuu niache kukuaibisha:::24/07/2019;19:56:00;5055;Sipendi uwongo Mimi:::24/07/2019;19:57:00;5061;Unaambia:::24/07/2019;19:57:00;5061;Sawa...juu hata nmechoka kuchat:::24/07/2019;20:02:00;5055;Eeeh napendaga ivo the truth:::24/07/2019;20:38:00;5058;Changamkeni wasee:::24/07/2019;22:02:00;5055;Eeeh msee anza:::24/07/2019;22:43:00;5058;Nianze?:::24/07/2019;22:48:00;5061;Anza VaXXX..huku n kama watu wamelala", "r_content": "24/07/2019;22:59:00;5058;Sawa mtu anaanzanga aje"}, "78": {"s_content": "24/07/2019;19:56:00;5055;Sema tuu niache kukuaibisha:::24/07/2019;19:56:00;5055;Sipendi uwongo Mimi:::24/07/2019;19:57:00;5061;Unaambia:::24/07/2019;19:57:00;5061;Sawa...juu hata nmechoka kuchat:::24/07/2019;20:02:00;5055;Eeeh napendaga ivo the truth:::24/07/2019;20:38:00;5058;Changamkeni wasee:::24/07/2019;22:02:00;5055;Eeeh msee anza:::24/07/2019;22:43:00;5058;Nianze?:::24/07/2019;22:48:00;5061;Anza VaXXX..huku n kama watu wamelala:::24/07/2019;22:59:00;5058;Sawa mtu anaanzanga aje", "r_content": "24/07/2019;23:01:00;5058;Enyewe kusema tu ukweli,,,akuna aja ya kujifanya angels yet we are the same pple who go through this in our lives,,, relationships muhimu kwa hii maisha a niaje?? who's with me?"}, "79": {"s_content": "24/07/2019;19:56:00;5055;Sipendi uwongo Mimi:::24/07/2019;19:57:00;5061;Unaambia:::24/07/2019;19:57:00;5061;Sawa...juu hata nmechoka kuchat:::24/07/2019;20:02:00;5055;Eeeh napendaga ivo the truth:::24/07/2019;20:38:00;5058;Changamkeni wasee:::24/07/2019;22:02:00;5055;Eeeh msee anza:::24/07/2019;22:43:00;5058;Nianze?:::24/07/2019;22:48:00;5061;Anza VaXXX..huku n kama watu wamelala:::24/07/2019;22:59:00;5058;Sawa mtu anaanzanga aje:::24/07/2019;23:01:00;5058;Enyewe kusema tu ukweli,,,akuna aja ya kujifanya angels yet we are the same pple who go through this in our lives,,, relationships muhimu kwa hii maisha a niaje?? who's with me?", "r_content": "24/07/2019;23:02:00;5058;\ud83d\ude4b\ud83d\ude4bhands up plz"}, "80": {"s_content": "24/07/2019;19:57:00;5061;Unaambia:::24/07/2019;19:57:00;5061;Sawa...juu hata nmechoka kuchat:::24/07/2019;20:02:00;5055;Eeeh napendaga ivo the truth:::24/07/2019;20:38:00;5058;Changamkeni wasee:::24/07/2019;22:02:00;5055;Eeeh msee anza:::24/07/2019;22:43:00;5058;Nianze?:::24/07/2019;22:48:00;5061;Anza VaXXX..huku n kama watu wamelala:::24/07/2019;22:59:00;5058;Sawa mtu anaanzanga aje:::24/07/2019;23:01:00;5058;Enyewe kusema tu ukweli,,,akuna aja ya kujifanya angels yet we are the same pple who go through this in our lives,,, relationships muhimu kwa hii maisha a niaje?? who's with me?:::24/07/2019;23:02:00;5058;\ud83d\ude4b\ud83d\ude4bhands up plz", "r_content": "24/07/2019;23:03:00;5061;\ud83d\ude4b\u200d\u2642\ud83d\ude4b\u200d\u2642"}, "81": {"s_content": "24/07/2019;19:57:00;5061;Sawa...juu hata nmechoka kuchat:::24/07/2019;20:02:00;5055;Eeeh napendaga ivo the truth:::24/07/2019;20:38:00;5058;Changamkeni wasee:::24/07/2019;22:02:00;5055;Eeeh msee anza:::24/07/2019;22:43:00;5058;Nianze?:::24/07/2019;22:48:00;5061;Anza VaXXX..huku n kama watu wamelala:::24/07/2019;22:59:00;5058;Sawa mtu anaanzanga aje:::24/07/2019;23:01:00;5058;Enyewe kusema tu ukweli,,,akuna aja ya kujifanya angels yet we are the same pple who go through this in our lives,,, relationships muhimu kwa hii maisha a niaje?? who's with me?:::24/07/2019;23:02:00;5058;\ud83d\ude4b\ud83d\ude4bhands up plz:::24/07/2019;23:03:00;5061;\ud83d\ude4b\u200d\u2642\ud83d\ude4b\u200d\u2642", "r_content": "24/07/2019;23:05:00;5058;Thank you"}, "82": {"s_content": "24/07/2019;20:02:00;5055;Eeeh napendaga ivo the truth:::24/07/2019;20:38:00;5058;Changamkeni wasee:::24/07/2019;22:02:00;5055;Eeeh msee anza:::24/07/2019;22:43:00;5058;Nianze?:::24/07/2019;22:48:00;5061;Anza VaXXX..huku n kama watu wamelala:::24/07/2019;22:59:00;5058;Sawa mtu anaanzanga aje:::24/07/2019;23:01:00;5058;Enyewe kusema tu ukweli,,,akuna aja ya kujifanya angels yet we are the same pple who go through this in our lives,,, relationships muhimu kwa hii maisha a niaje?? who's with me?:::24/07/2019;23:02:00;5058;\ud83d\ude4b\ud83d\ude4bhands up plz:::24/07/2019;23:03:00;5061;\ud83d\ude4b\u200d\u2642\ud83d\ude4b\u200d\u2642:::24/07/2019;23:05:00;5058;Thank you", "r_content": "24/07/2019;23:05:00;5058;At least tuko kimoja"}, "83": {"s_content": "24/07/2019;20:38:00;5058;Changamkeni wasee:::24/07/2019;22:02:00;5055;Eeeh msee anza:::24/07/2019;22:43:00;5058;Nianze?:::24/07/2019;22:48:00;5061;Anza VaXXX..huku n kama watu wamelala:::24/07/2019;22:59:00;5058;Sawa mtu anaanzanga aje:::24/07/2019;23:01:00;5058;Enyewe kusema tu ukweli,,,akuna aja ya kujifanya angels yet we are the same pple who go through this in our lives,,, relationships muhimu kwa hii maisha a niaje?? who's with me?:::24/07/2019;23:02:00;5058;\ud83d\ude4b\ud83d\ude4bhands up plz:::24/07/2019;23:03:00;5061;\ud83d\ude4b\u200d\u2642\ud83d\ude4b\u200d\u2642:::24/07/2019;23:05:00;5058;Thank you:::24/07/2019;23:05:00;5058;At least tuko kimoja", "r_content": "24/07/2019;23:06:00;5058;Leave alone  friends' experience adi sisi some if us here we're in relationships but we are too shy to speak up,right?"}, "84": {"s_content": "24/07/2019;22:02:00;5055;Eeeh msee anza:::24/07/2019;22:43:00;5058;Nianze?:::24/07/2019;22:48:00;5061;Anza VaXXX..huku n kama watu wamelala:::24/07/2019;22:59:00;5058;Sawa mtu anaanzanga aje:::24/07/2019;23:01:00;5058;Enyewe kusema tu ukweli,,,akuna aja ya kujifanya angels yet we are the same pple who go through this in our lives,,, relationships muhimu kwa hii maisha a niaje?? who's with me?:::24/07/2019;23:02:00;5058;\ud83d\ude4b\ud83d\ude4bhands up plz:::24/07/2019;23:03:00;5061;\ud83d\ude4b\u200d\u2642\ud83d\ude4b\u200d\u2642:::24/07/2019;23:05:00;5058;Thank you:::24/07/2019;23:05:00;5058;At least tuko kimoja:::24/07/2019;23:06:00;5058;Leave alone  friends' experience adi sisi some if us here we're in relationships but we are too shy to speak up,right?", "r_content": "24/07/2019;23:07:00;5061;Yup...relationship are important in one way or another but to the one who is ready to go through the ups n downs that come with it"}, "85": {"s_content": "24/07/2019;22:43:00;5058;Nianze?:::24/07/2019;22:48:00;5061;Anza VaXXX..huku n kama watu wamelala:::24/07/2019;22:59:00;5058;Sawa mtu anaanzanga aje:::24/07/2019;23:01:00;5058;Enyewe kusema tu ukweli,,,akuna aja ya kujifanya angels yet we are the same pple who go through this in our lives,,, relationships muhimu kwa hii maisha a niaje?? who's with me?:::24/07/2019;23:02:00;5058;\ud83d\ude4b\ud83d\ude4bhands up plz:::24/07/2019;23:03:00;5061;\ud83d\ude4b\u200d\u2642\ud83d\ude4b\u200d\u2642:::24/07/2019;23:05:00;5058;Thank you:::24/07/2019;23:05:00;5058;At least tuko kimoja:::24/07/2019;23:06:00;5058;Leave alone  friends' experience adi sisi some if us here we're in relationships but we are too shy to speak up,right?:::24/07/2019;23:07:00;5061;Yup...relationship are important in one way or another but to the one who is ready to go through the ups n downs that come with it", "r_content": "24/07/2019;23:11:00;5058;Kweli kabisaaaa\ud83d\udcaf"}, "86": {"s_content": "24/07/2019;22:48:00;5061;Anza VaXXX..huku n kama watu wamelala:::24/07/2019;22:59:00;5058;Sawa mtu anaanzanga aje:::24/07/2019;23:01:00;5058;Enyewe kusema tu ukweli,,,akuna aja ya kujifanya angels yet we are the same pple who go through this in our lives,,, relationships muhimu kwa hii maisha a niaje?? who's with me?:::24/07/2019;23:02:00;5058;\ud83d\ude4b\ud83d\ude4bhands up plz:::24/07/2019;23:03:00;5061;\ud83d\ude4b\u200d\u2642\ud83d\ude4b\u200d\u2642:::24/07/2019;23:05:00;5058;Thank you:::24/07/2019;23:05:00;5058;At least tuko kimoja:::24/07/2019;23:06:00;5058;Leave alone  friends' experience adi sisi some if us here we're in relationships but we are too shy to speak up,right?:::24/07/2019;23:07:00;5061;Yup...relationship are important in one way or another but to the one who is ready to go through the ups n downs that come with it:::24/07/2019;23:11:00;5058;Kweli kabisaaaa\ud83d\udcaf", "r_content": "nan;nan;nan;So now it's our time to speak up and help each other\ud83d\udcaa\ud83d\udcaawe never know,,someone here might be dealing with a bad relationship but juu amekufaa msee anaona aezi let go,,that's wat inatusumbuanga sana,,esp pple our age"}, "87": {"s_content": "24/07/2019;22:59:00;5058;Sawa mtu anaanzanga aje:::24/07/2019;23:01:00;5058;Enyewe kusema tu ukweli,,,akuna aja ya kujifanya angels yet we are the same pple who go through this in our lives,,, relationships muhimu kwa hii maisha a niaje?? who's with me?:::24/07/2019;23:02:00;5058;\ud83d\ude4b\ud83d\ude4bhands up plz:::24/07/2019;23:03:00;5061;\ud83d\ude4b\u200d\u2642\ud83d\ude4b\u200d\u2642:::24/07/2019;23:05:00;5058;Thank you:::24/07/2019;23:05:00;5058;At least tuko kimoja:::24/07/2019;23:06:00;5058;Leave alone  friends' experience adi sisi some if us here we're in relationships but we are too shy to speak up,right?:::24/07/2019;23:07:00;5061;Yup...relationship are important in one way or another but to the one who is ready to go through the ups n downs that come with it:::24/07/2019;23:11:00;5058;Kweli kabisaaaa\ud83d\udcaf:::nan;nan;nan;So now it's our time to speak up and help each other\ud83d\udcaa\ud83d\udcaawe never know,,someone here might be dealing with a bad relationship but juu amekufaa msee anaona aezi let go,,that's wat inatusumbuanga sana,,esp pple our age", "r_content": "24/07/2019;23:17:00;Vijana-SMART 1;\ud83d\ude01\ud83d\ude01\ud83d\ude01\ud83d\ude01\ud83d\ude01\ud83d\ude4b\u200d\u2642"}, "88": {"s_content": "24/07/2019;23:01:00;5058;Enyewe kusema tu ukweli,,,akuna aja ya kujifanya angels yet we are the same pple who go through this in our lives,,, relationships muhimu kwa hii maisha a niaje?? who's with me?:::24/07/2019;23:02:00;5058;\ud83d\ude4b\ud83d\ude4bhands up plz:::24/07/2019;23:03:00;5061;\ud83d\ude4b\u200d\u2642\ud83d\ude4b\u200d\u2642:::24/07/2019;23:05:00;5058;Thank you:::24/07/2019;23:05:00;5058;At least tuko kimoja:::24/07/2019;23:06:00;5058;Leave alone  friends' experience adi sisi some if us here we're in relationships but we are too shy to speak up,right?:::24/07/2019;23:07:00;5061;Yup...relationship are important in one way or another but to the one who is ready to go through the ups n downs that come with it:::24/07/2019;23:11:00;5058;Kweli kabisaaaa\ud83d\udcaf:::nan;nan;nan;So now it's our time to speak up and help each other\ud83d\udcaa\ud83d\udcaawe never know,,someone here might be dealing with a bad relationship but juu amekufaa msee anaona aezi let go,,that's wat inatusumbuanga sana,,esp pple our age:::24/07/2019;23:17:00;Vijana-SMART 1;\ud83d\ude01\ud83d\ude01\ud83d\ude01\ud83d\ude01\ud83d\ude01\ud83d\ude4b\u200d\u2642", "r_content": "24/07/2019;23:18:00;5061;Yeah kwanza at this age you have to be very careful before you get into any relationship... Hawa wanaume tunahusiana nao si waaminifu kabisaa...."}, "89": {"s_content": "24/07/2019;23:02:00;5058;\ud83d\ude4b\ud83d\ude4bhands up plz:::24/07/2019;23:03:00;5061;\ud83d\ude4b\u200d\u2642\ud83d\ude4b\u200d\u2642:::24/07/2019;23:05:00;5058;Thank you:::24/07/2019;23:05:00;5058;At least tuko kimoja:::24/07/2019;23:06:00;5058;Leave alone  friends' experience adi sisi some if us here we're in relationships but we are too shy to speak up,right?:::24/07/2019;23:07:00;5061;Yup...relationship are important in one way or another but to the one who is ready to go through the ups n downs that come with it:::24/07/2019;23:11:00;5058;Kweli kabisaaaa\ud83d\udcaf:::nan;nan;nan;So now it's our time to speak up and help each other\ud83d\udcaa\ud83d\udcaawe never know,,someone here might be dealing with a bad relationship but juu amekufaa msee anaona aezi let go,,that's wat inatusumbuanga sana,,esp pple our age:::24/07/2019;23:17:00;Vijana-SMART 1;\ud83d\ude01\ud83d\ude01\ud83d\ude01\ud83d\ude01\ud83d\ude01\ud83d\ude4b\u200d\u2642:::24/07/2019;23:18:00;5061;Yeah kwanza at this age you have to be very careful before you get into any relationship... Hawa wanaume tunahusiana nao si waaminifu kabisaa....", "r_content": "24/07/2019;23:19:00;5058;My people(the lazy ones kwenye washadoz),,kesho tuget serious tumalize hii weekly message on relationships na ku kuna msee ame-go through such a situation atupeleke na rieng' ndo enyewe tusicheze flat"}, "90": {"s_content": "24/07/2019;23:03:00;5061;\ud83d\ude4b\u200d\u2642\ud83d\ude4b\u200d\u2642:::24/07/2019;23:05:00;5058;Thank you:::24/07/2019;23:05:00;5058;At least tuko kimoja:::24/07/2019;23:06:00;5058;Leave alone  friends' experience adi sisi some if us here we're in relationships but we are too shy to speak up,right?:::24/07/2019;23:07:00;5061;Yup...relationship are important in one way or another but to the one who is ready to go through the ups n downs that come with it:::24/07/2019;23:11:00;5058;Kweli kabisaaaa\ud83d\udcaf:::nan;nan;nan;So now it's our time to speak up and help each other\ud83d\udcaa\ud83d\udcaawe never know,,someone here might be dealing with a bad relationship but juu amekufaa msee anaona aezi let go,,that's wat inatusumbuanga sana,,esp pple our age:::24/07/2019;23:17:00;Vijana-SMART 1;\ud83d\ude01\ud83d\ude01\ud83d\ude01\ud83d\ude01\ud83d\ude01\ud83d\ude4b\u200d\u2642:::24/07/2019;23:18:00;5061;Yeah kwanza at this age you have to be very careful before you get into any relationship... Hawa wanaume tunahusiana nao si waaminifu kabisaa....:::24/07/2019;23:19:00;5058;My people(the lazy ones kwenye washadoz),,kesho tuget serious tumalize hii weekly message on relationships na ku kuna msee ame-go through such a situation atupeleke na rieng' ndo enyewe tusicheze flat", "r_content": "24/07/2019;23:21:00;5058;Bana,, they're like \ud83d\udc15\ud83d\udc15... They bark everywhere"}, "91": {"s_content": "24/07/2019;23:05:00;5058;Thank you:::24/07/2019;23:05:00;5058;At least tuko kimoja:::24/07/2019;23:06:00;5058;Leave alone  friends' experience adi sisi some if us here we're in relationships but we are too shy to speak up,right?:::24/07/2019;23:07:00;5061;Yup...relationship are important in one way or another but to the one who is ready to go through the ups n downs that come with it:::24/07/2019;23:11:00;5058;Kweli kabisaaaa\ud83d\udcaf:::nan;nan;nan;So now it's our time to speak up and help each other\ud83d\udcaa\ud83d\udcaawe never know,,someone here might be dealing with a bad relationship but juu amekufaa msee anaona aezi let go,,that's wat inatusumbuanga sana,,esp pple our age:::24/07/2019;23:17:00;Vijana-SMART 1;\ud83d\ude01\ud83d\ude01\ud83d\ude01\ud83d\ude01\ud83d\ude01\ud83d\ude4b\u200d\u2642:::24/07/2019;23:18:00;5061;Yeah kwanza at this age you have to be very careful before you get into any relationship... Hawa wanaume tunahusiana nao si waaminifu kabisaa....:::24/07/2019;23:19:00;5058;My people(the lazy ones kwenye washadoz),,kesho tuget serious tumalize hii weekly message on relationships na ku kuna msee ame-go through such a situation atupeleke na rieng' ndo enyewe tusicheze flat:::24/07/2019;23:21:00;5058;Bana,, they're like \ud83d\udc15\ud83d\udc15... They bark everywhere", "r_content": "24/07/2019;23:21:00;5061;Enyewe jooh..juu kuna wengine wanaumia kiplani na waezi tuchapia so kesho tukuweni serious tudiscuss hii matter iishe"}, "92": {"s_content": "24/07/2019;23:05:00;5058;At least tuko kimoja:::24/07/2019;23:06:00;5058;Leave alone  friends' experience adi sisi some if us here we're in relationships but we are too shy to speak up,right?:::24/07/2019;23:07:00;5061;Yup...relationship are important in one way or another but to the one who is ready to go through the ups n downs that come with it:::24/07/2019;23:11:00;5058;Kweli kabisaaaa\ud83d\udcaf:::nan;nan;nan;So now it's our time to speak up and help each other\ud83d\udcaa\ud83d\udcaawe never know,,someone here might be dealing with a bad relationship but juu amekufaa msee anaona aezi let go,,that's wat inatusumbuanga sana,,esp pple our age:::24/07/2019;23:17:00;Vijana-SMART 1;\ud83d\ude01\ud83d\ude01\ud83d\ude01\ud83d\ude01\ud83d\ude01\ud83d\ude4b\u200d\u2642:::24/07/2019;23:18:00;5061;Yeah kwanza at this age you have to be very careful before you get into any relationship... Hawa wanaume tunahusiana nao si waaminifu kabisaa....:::24/07/2019;23:19:00;5058;My people(the lazy ones kwenye washadoz),,kesho tuget serious tumalize hii weekly message on relationships na ku kuna msee ame-go through such a situation atupeleke na rieng' ndo enyewe tusicheze flat:::24/07/2019;23:21:00;5058;Bana,, they're like \ud83d\udc15\ud83d\udc15... They bark everywhere:::24/07/2019;23:21:00;5061;Enyewe jooh..juu kuna wengine wanaumia kiplani na waezi tuchapia so kesho tukuweni serious tudiscuss hii matter iishe", "r_content": "24/07/2019;23:22:00;5061;Then later they let you go as if you never existed in their lives... After getting whatever they want"}, "93": {"s_content": "24/07/2019;23:06:00;5058;Leave alone  friends' experience adi sisi some if us here we're in relationships but we are too shy to speak up,right?:::24/07/2019;23:07:00;5061;Yup...relationship are important in one way or another but to the one who is ready to go through the ups n downs that come with it:::24/07/2019;23:11:00;5058;Kweli kabisaaaa\ud83d\udcaf:::nan;nan;nan;So now it's our time to speak up and help each other\ud83d\udcaa\ud83d\udcaawe never know,,someone here might be dealing with a bad relationship but juu amekufaa msee anaona aezi let go,,that's wat inatusumbuanga sana,,esp pple our age:::24/07/2019;23:17:00;Vijana-SMART 1;\ud83d\ude01\ud83d\ude01\ud83d\ude01\ud83d\ude01\ud83d\ude01\ud83d\ude4b\u200d\u2642:::24/07/2019;23:18:00;5061;Yeah kwanza at this age you have to be very careful before you get into any relationship... Hawa wanaume tunahusiana nao si waaminifu kabisaa....:::24/07/2019;23:19:00;5058;My people(the lazy ones kwenye washadoz),,kesho tuget serious tumalize hii weekly message on relationships na ku kuna msee ame-go through such a situation atupeleke na rieng' ndo enyewe tusicheze flat:::24/07/2019;23:21:00;5058;Bana,, they're like \ud83d\udc15\ud83d\udc15... They bark everywhere:::24/07/2019;23:21:00;5061;Enyewe jooh..juu kuna wengine wanaumia kiplani na waezi tuchapia so kesho tukuweni serious tudiscuss hii matter iishe:::24/07/2019;23:22:00;5061;Then later they let you go as if you never existed in their lives... After getting whatever they want", "r_content": "24/07/2019;23:23:00;5058;I hope mmeskia nyinyi walali\ud83d\ude34...kwa group mnalala,class mnalala mnataka aje niwasaidie??\ud83d\ude02\ud83d\ude02"}, "94": {"s_content": "24/07/2019;23:07:00;5061;Yup...relationship are important in one way or another but to the one who is ready to go through the ups n downs that come with it:::24/07/2019;23:11:00;5058;Kweli kabisaaaa\ud83d\udcaf:::nan;nan;nan;So now it's our time to speak up and help each other\ud83d\udcaa\ud83d\udcaawe never know,,someone here might be dealing with a bad relationship but juu amekufaa msee anaona aezi let go,,that's wat inatusumbuanga sana,,esp pple our age:::24/07/2019;23:17:00;Vijana-SMART 1;\ud83d\ude01\ud83d\ude01\ud83d\ude01\ud83d\ude01\ud83d\ude01\ud83d\ude4b\u200d\u2642:::24/07/2019;23:18:00;5061;Yeah kwanza at this age you have to be very careful before you get into any relationship... Hawa wanaume tunahusiana nao si waaminifu kabisaa....:::24/07/2019;23:19:00;5058;My people(the lazy ones kwenye washadoz),,kesho tuget serious tumalize hii weekly message on relationships na ku kuna msee ame-go through such a situation atupeleke na rieng' ndo enyewe tusicheze flat:::24/07/2019;23:21:00;5058;Bana,, they're like \ud83d\udc15\ud83d\udc15... They bark everywhere:::24/07/2019;23:21:00;5061;Enyewe jooh..juu kuna wengine wanaumia kiplani na waezi tuchapia so kesho tukuweni serious tudiscuss hii matter iishe:::24/07/2019;23:22:00;5061;Then later they let you go as if you never existed in their lives... After getting whatever they want:::24/07/2019;23:23:00;5058;I hope mmeskia nyinyi walali\ud83d\ude34...kwa group mnalala,class mnalala mnataka aje niwasaidie??\ud83d\ude02\ud83d\ude02", "r_content": "24/07/2019;23:24:00;5061;Acha kesho wakiamka watatuelezea vizuri"}, "95": {"s_content": "24/07/2019;23:11:00;5058;Kweli kabisaaaa\ud83d\udcaf:::nan;nan;nan;So now it's our time to speak up and help each other\ud83d\udcaa\ud83d\udcaawe never know,,someone here might be dealing with a bad relationship but juu amekufaa msee anaona aezi let go,,that's wat inatusumbuanga sana,,esp pple our age:::24/07/2019;23:17:00;Vijana-SMART 1;\ud83d\ude01\ud83d\ude01\ud83d\ude01\ud83d\ude01\ud83d\ude01\ud83d\ude4b\u200d\u2642:::24/07/2019;23:18:00;5061;Yeah kwanza at this age you have to be very careful before you get into any relationship... Hawa wanaume tunahusiana nao si waaminifu kabisaa....:::24/07/2019;23:19:00;5058;My people(the lazy ones kwenye washadoz),,kesho tuget serious tumalize hii weekly message on relationships na ku kuna msee ame-go through such a situation atupeleke na rieng' ndo enyewe tusicheze flat:::24/07/2019;23:21:00;5058;Bana,, they're like \ud83d\udc15\ud83d\udc15... They bark everywhere:::24/07/2019;23:21:00;5061;Enyewe jooh..juu kuna wengine wanaumia kiplani na waezi tuchapia so kesho tukuweni serious tudiscuss hii matter iishe:::24/07/2019;23:22:00;5061;Then later they let you go as if you never existed in their lives... After getting whatever they want:::24/07/2019;23:23:00;5058;I hope mmeskia nyinyi walali\ud83d\ude34...kwa group mnalala,class mnalala mnataka aje niwasaidie??\ud83d\ude02\ud83d\ude02:::24/07/2019;23:24:00;5061;Acha kesho wakiamka watatuelezea vizuri", "r_content": "24/07/2019;23:26:00;5058;True,,, this is for us girls\ud83d\udc67 tusifungue duka ovyo ovyo!!!Thank me later!"}, "96": {"s_content": "nan;nan;nan;So now it's our time to speak up and help each other\ud83d\udcaa\ud83d\udcaawe never know,,someone here might be dealing with a bad relationship but juu amekufaa msee anaona aezi let go,,that's wat inatusumbuanga sana,,esp pple our age:::24/07/2019;23:17:00;Vijana-SMART 1;\ud83d\ude01\ud83d\ude01\ud83d\ude01\ud83d\ude01\ud83d\ude01\ud83d\ude4b\u200d\u2642:::24/07/2019;23:18:00;5061;Yeah kwanza at this age you have to be very careful before you get into any relationship... Hawa wanaume tunahusiana nao si waaminifu kabisaa....:::24/07/2019;23:19:00;5058;My people(the lazy ones kwenye washadoz),,kesho tuget serious tumalize hii weekly message on relationships na ku kuna msee ame-go through such a situation atupeleke na rieng' ndo enyewe tusicheze flat:::24/07/2019;23:21:00;5058;Bana,, they're like \ud83d\udc15\ud83d\udc15... They bark everywhere:::24/07/2019;23:21:00;5061;Enyewe jooh..juu kuna wengine wanaumia kiplani na waezi tuchapia so kesho tukuweni serious tudiscuss hii matter iishe:::24/07/2019;23:22:00;5061;Then later they let you go as if you never existed in their lives... After getting whatever they want:::24/07/2019;23:23:00;5058;I hope mmeskia nyinyi walali\ud83d\ude34...kwa group mnalala,class mnalala mnataka aje niwasaidie??\ud83d\ude02\ud83d\ude02:::24/07/2019;23:24:00;5061;Acha kesho wakiamka watatuelezea vizuri:::24/07/2019;23:26:00;5058;True,,, this is for us girls\ud83d\udc67 tusifungue duka ovyo ovyo!!!Thank me later!", "r_content": "24/07/2019;23:26:00;5061;This message was deleted"}, "97": {"s_content": "24/07/2019;23:17:00;Vijana-SMART 1;\ud83d\ude01\ud83d\ude01\ud83d\ude01\ud83d\ude01\ud83d\ude01\ud83d\ude4b\u200d\u2642:::24/07/2019;23:18:00;5061;Yeah kwanza at this age you have to be very careful before you get into any relationship... Hawa wanaume tunahusiana nao si waaminifu kabisaa....:::24/07/2019;23:19:00;5058;My people(the lazy ones kwenye washadoz),,kesho tuget serious tumalize hii weekly message on relationships na ku kuna msee ame-go through such a situation atupeleke na rieng' ndo enyewe tusicheze flat:::24/07/2019;23:21:00;5058;Bana,, they're like \ud83d\udc15\ud83d\udc15... They bark everywhere:::24/07/2019;23:21:00;5061;Enyewe jooh..juu kuna wengine wanaumia kiplani na waezi tuchapia so kesho tukuweni serious tudiscuss hii matter iishe:::24/07/2019;23:22:00;5061;Then later they let you go as if you never existed in their lives... After getting whatever they want:::24/07/2019;23:23:00;5058;I hope mmeskia nyinyi walali\ud83d\ude34...kwa group mnalala,class mnalala mnataka aje niwasaidie??\ud83d\ude02\ud83d\ude02:::24/07/2019;23:24:00;5061;Acha kesho wakiamka watatuelezea vizuri:::24/07/2019;23:26:00;5058;True,,, this is for us girls\ud83d\udc67 tusifungue duka ovyo ovyo!!!Thank me later!:::24/07/2019;23:26:00;5061;This message was deleted", "r_content": "24/07/2019;23:27:00;5061;Understood...good nyt VaXXX"}, "98": {"s_content": "24/07/2019;23:18:00;5061;Yeah kwanza at this age you have to be very careful before you get into any relationship... Hawa wanaume tunahusiana nao si waaminifu kabisaa....:::24/07/2019;23:19:00;5058;My people(the lazy ones kwenye washadoz),,kesho tuget serious tumalize hii weekly message on relationships na ku kuna msee ame-go through such a situation atupeleke na rieng' ndo enyewe tusicheze flat:::24/07/2019;23:21:00;5058;Bana,, they're like \ud83d\udc15\ud83d\udc15... They bark everywhere:::24/07/2019;23:21:00;5061;Enyewe jooh..juu kuna wengine wanaumia kiplani na waezi tuchapia so kesho tukuweni serious tudiscuss hii matter iishe:::24/07/2019;23:22:00;5061;Then later they let you go as if you never existed in their lives... After getting whatever they want:::24/07/2019;23:23:00;5058;I hope mmeskia nyinyi walali\ud83d\ude34...kwa group mnalala,class mnalala mnataka aje niwasaidie??\ud83d\ude02\ud83d\ude02:::24/07/2019;23:24:00;5061;Acha kesho wakiamka watatuelezea vizuri:::24/07/2019;23:26:00;5058;True,,, this is for us girls\ud83d\udc67 tusifungue duka ovyo ovyo!!!Thank me later!:::24/07/2019;23:26:00;5061;This message was deleted:::24/07/2019;23:27:00;5061;Understood...good nyt VaXXX", "r_content": "24/07/2019;23:27:00;5058;Watachangamkia topic vibaya sana,,anyway doz poa BiXXX"}, "99": {"s_content": "24/07/2019;23:19:00;5058;My people(the lazy ones kwenye washadoz),,kesho tuget serious tumalize hii weekly message on relationships na ku kuna msee ame-go through such a situation atupeleke na rieng' ndo enyewe tusicheze flat:::24/07/2019;23:21:00;5058;Bana,, they're like \ud83d\udc15\ud83d\udc15... They bark everywhere:::24/07/2019;23:21:00;5061;Enyewe jooh..juu kuna wengine wanaumia kiplani na waezi tuchapia so kesho tukuweni serious tudiscuss hii matter iishe:::24/07/2019;23:22:00;5061;Then later they let you go as if you never existed in their lives... After getting whatever they want:::24/07/2019;23:23:00;5058;I hope mmeskia nyinyi walali\ud83d\ude34...kwa group mnalala,class mnalala mnataka aje niwasaidie??\ud83d\ude02\ud83d\ude02:::24/07/2019;23:24:00;5061;Acha kesho wakiamka watatuelezea vizuri:::24/07/2019;23:26:00;5058;True,,, this is for us girls\ud83d\udc67 tusifungue duka ovyo ovyo!!!Thank me later!:::24/07/2019;23:26:00;5061;This message was deleted:::24/07/2019;23:27:00;5061;Understood...good nyt VaXXX:::24/07/2019;23:27:00;5058;Watachangamkia topic vibaya sana,,anyway doz poa BiXXX", "r_content": "24/07/2019;23:28:00;5061;Santy...pia ww doz poa"}, "100": {"s_content": "24/07/2019;23:21:00;5058;Bana,, they're like \ud83d\udc15\ud83d\udc15... They bark everywhere:::24/07/2019;23:21:00;5061;Enyewe jooh..juu kuna wengine wanaumia kiplani na waezi tuchapia so kesho tukuweni serious tudiscuss hii matter iishe:::24/07/2019;23:22:00;5061;Then later they let you go as if you never existed in their lives... After getting whatever they want:::24/07/2019;23:23:00;5058;I hope mmeskia nyinyi walali\ud83d\ude34...kwa group mnalala,class mnalala mnataka aje niwasaidie??\ud83d\ude02\ud83d\ude02:::24/07/2019;23:24:00;5061;Acha kesho wakiamka watatuelezea vizuri:::24/07/2019;23:26:00;5058;True,,, this is for us girls\ud83d\udc67 tusifungue duka ovyo ovyo!!!Thank me later!:::24/07/2019;23:26:00;5061;This message was deleted:::24/07/2019;23:27:00;5061;Understood...good nyt VaXXX:::24/07/2019;23:27:00;5058;Watachangamkia topic vibaya sana,,anyway doz poa BiXXX:::24/07/2019;23:28:00;5061;Santy...pia ww doz poa", "r_content": "24/07/2019;23:47:00;Vijana-SMART 1;Do we share our status with our partners ?? For those who have one??"}, "101": {"s_content": "24/07/2019;23:21:00;5061;Enyewe jooh..juu kuna wengine wanaumia kiplani na waezi tuchapia so kesho tukuweni serious tudiscuss hii matter iishe:::24/07/2019;23:22:00;5061;Then later they let you go as if you never existed in their lives... After getting whatever they want:::24/07/2019;23:23:00;5058;I hope mmeskia nyinyi walali\ud83d\ude34...kwa group mnalala,class mnalala mnataka aje niwasaidie??\ud83d\ude02\ud83d\ude02:::24/07/2019;23:24:00;5061;Acha kesho wakiamka watatuelezea vizuri:::24/07/2019;23:26:00;5058;True,,, this is for us girls\ud83d\udc67 tusifungue duka ovyo ovyo!!!Thank me later!:::24/07/2019;23:26:00;5061;This message was deleted:::24/07/2019;23:27:00;5061;Understood...good nyt VaXXX:::24/07/2019;23:27:00;5058;Watachangamkia topic vibaya sana,,anyway doz poa BiXXX:::24/07/2019;23:28:00;5061;Santy...pia ww doz poa:::24/07/2019;23:47:00;Vijana-SMART 1;Do we share our status with our partners ?? For those who have one??", "r_content": "24/07/2019;23:48:00;Vijana-SMART 1;Tuchabgamkie pia hii kesho. Wazi wasee"}, "102": {"s_content": "24/07/2019;23:22:00;5061;Then later they let you go as if you never existed in their lives... After getting whatever they want:::24/07/2019;23:23:00;5058;I hope mmeskia nyinyi walali\ud83d\ude34...kwa group mnalala,class mnalala mnataka aje niwasaidie??\ud83d\ude02\ud83d\ude02:::24/07/2019;23:24:00;5061;Acha kesho wakiamka watatuelezea vizuri:::24/07/2019;23:26:00;5058;True,,, this is for us girls\ud83d\udc67 tusifungue duka ovyo ovyo!!!Thank me later!:::24/07/2019;23:26:00;5061;This message was deleted:::24/07/2019;23:27:00;5061;Understood...good nyt VaXXX:::24/07/2019;23:27:00;5058;Watachangamkia topic vibaya sana,,anyway doz poa BiXXX:::24/07/2019;23:28:00;5061;Santy...pia ww doz poa:::24/07/2019;23:47:00;Vijana-SMART 1;Do we share our status with our partners ?? For those who have one??:::24/07/2019;23:48:00;Vijana-SMART 1;Tuchabgamkie pia hii kesho. Wazi wasee", "r_content": "25/07/2019;06:07:00;5058;That is the hardest thing to do"}, "103": {"s_content": "24/07/2019;23:23:00;5058;I hope mmeskia nyinyi walali\ud83d\ude34...kwa group mnalala,class mnalala mnataka aje niwasaidie??\ud83d\ude02\ud83d\ude02:::24/07/2019;23:24:00;5061;Acha kesho wakiamka watatuelezea vizuri:::24/07/2019;23:26:00;5058;True,,, this is for us girls\ud83d\udc67 tusifungue duka ovyo ovyo!!!Thank me later!:::24/07/2019;23:26:00;5061;This message was deleted:::24/07/2019;23:27:00;5061;Understood...good nyt VaXXX:::24/07/2019;23:27:00;5058;Watachangamkia topic vibaya sana,,anyway doz poa BiXXX:::24/07/2019;23:28:00;5061;Santy...pia ww doz poa:::24/07/2019;23:47:00;Vijana-SMART 1;Do we share our status with our partners ?? For those who have one??:::24/07/2019;23:48:00;Vijana-SMART 1;Tuchabgamkie pia hii kesho. Wazi wasee:::25/07/2019;06:07:00;5058;That is the hardest thing to do", "r_content": "25/07/2019;06:55:00;5055;\ud83d\ude05"}, "104": {"s_content": "24/07/2019;23:24:00;5061;Acha kesho wakiamka watatuelezea vizuri:::24/07/2019;23:26:00;5058;True,,, this is for us girls\ud83d\udc67 tusifungue duka ovyo ovyo!!!Thank me later!:::24/07/2019;23:26:00;5061;This message was deleted:::24/07/2019;23:27:00;5061;Understood...good nyt VaXXX:::24/07/2019;23:27:00;5058;Watachangamkia topic vibaya sana,,anyway doz poa BiXXX:::24/07/2019;23:28:00;5061;Santy...pia ww doz poa:::24/07/2019;23:47:00;Vijana-SMART 1;Do we share our status with our partners ?? For those who have one??:::24/07/2019;23:48:00;Vijana-SMART 1;Tuchabgamkie pia hii kesho. Wazi wasee:::25/07/2019;06:07:00;5058;That is the hardest thing to do:::25/07/2019;06:55:00;5055;\ud83d\ude05", "r_content": "25/07/2019;06:55:00;5055;\ud83e\udd14"}, "105": {"s_content": "24/07/2019;23:26:00;5058;True,,, this is for us girls\ud83d\udc67 tusifungue duka ovyo ovyo!!!Thank me later!:::24/07/2019;23:26:00;5061;This message was deleted:::24/07/2019;23:27:00;5061;Understood...good nyt VaXXX:::24/07/2019;23:27:00;5058;Watachangamkia topic vibaya sana,,anyway doz poa BiXXX:::24/07/2019;23:28:00;5061;Santy...pia ww doz poa:::24/07/2019;23:47:00;Vijana-SMART 1;Do we share our status with our partners ?? For those who have one??:::24/07/2019;23:48:00;Vijana-SMART 1;Tuchabgamkie pia hii kesho. Wazi wasee:::25/07/2019;06:07:00;5058;That is the hardest thing to do:::25/07/2019;06:55:00;5055;\ud83d\ude05:::25/07/2019;06:55:00;5055;\ud83e\udd14", "r_content": "25/07/2019;06:56:00;5055;\ud83e\udd1d"}}