{"41": {"elem": ["Hehhehe nichanueni, hizi ni salamu ama??"], "tag": ["IOI"]}}
{"41": {"elem": ["Hehhehe "], "tag": ["IOI"]}}
{"41": {"elem": ["Hehhehe "], "tag": ["IAI"]}}
{"52": {"elem": [], "tag": []}}
{"52": {"elem": [], "tag": []}}
{"53": {"elem": [], "tag": []}}
{"53": {"elem": [], "tag": []}}
{"54": {"elem": ["Watu wameenda wapi uku nadai tuchangamkie ile idea\ud83d\ude05\ud83e\udd14\ud83e\udd14"], "tag": ["GW"]}}
{"54": {"elem": ["Watu wameenda wapi uku nadai tu"], "tag": ["ACK"]}}
{"54": {"elem": ["Watu wameenda wapi uku nadai tuchangamkie ile idea"], "tag": ["ACK"]}}
{"54": {"elem": ["Watu wameenda wapi uku nadai tuchangamkie ile idea\ud83d\ude05\ud83e\udd14\ud83e\udd14"], "tag": ["ACK"]}}
{"54": {"elem": ["Watu wameenda"], "tag": ["GCG"]}}
{"54": {"elem": [], "tag": []}}
{"54": {"elem": ["Watu wameenda wapi uku nadai tuchangamkie ile idea\ud83d\ude05\ud83e\udd14\ud83e\udd14"], "tag": ["ACK"]}}
{"54": {"elem": ["Watu wameenda wapi uku nadai tuchangamkie ile idea\ud83d\ude05\ud83e\udd14\ud83e\udd14"], "tag": ["ACK"]}}
{"54": {"elem": ["Watu wameenda wapi uku nadai tuchangamkie ile idea\ud83d\ude05\ud83e\udd14\ud83e\udd14"], "tag": ["ACK"]}}
{"54": {"elem": ["Watu wameenda wapi uku nadai tucha", "ai tuchangamkie ile idea\ud83d\ude05\ud83e\udd14\ud83e\udd14"], "tag": ["GCG", "ACK"]}}
{"54": {"elem": ["Watu wameenda wapi uku nadai tuchangamkie ile idea\ud83d\ude05\ud83e\udd14\ud83e\udd14"], "tag": ["IAI"]}}
{"54": {"elem": ["Watu wameenda wapi uku nadai tuchangamkie ile idea\ud83d\ude05\ud83e\udd14\ud83e\udd14"], "tag": ["ACK"]}}
{"54": {"elem": [], "tag": []}}
{"54": {"elem": ["Watu wameenda wapi uku nadai tuchangamkie ile idea\ud83d\ude05\ud83e\udd14\ud83e\udd14"], "tag": ["ACK"]}}
{"55": {"elem": ["Idea gani"], "tag": ["GW"]}}
{"56": {"elem": ["\u261d\u261d"], "tag": ["GCSI"]}}
{"56": {"elem": ["\u261d\u261d"], "tag": ["ACK"]}}
{"57": {"elem": ["Na wewe jaribu kua offline"], "tag": ["IPL"]}}
{"58": {"elem": ["Kila SAA uko online aaiiii"], "tag": ["GCG"]}}
{"59": {"elem": ["Juu ww uko offline.. Hata bundles si zako shidaako n nn"], "tag": ["ACK"]}}
{"1": {"elem": ["Guys we are here to be tolerative of each other. Lets not get mad easily"], "tag": ["GW"]}}
{"1": {"elem": ["Guys we are here to be tolerative of each other. Lets not get mad easily\r\n\r\n"], "tag": ["EIH"]}}
{"2": {"elem": ["Soemtimes when i see you guys chart i always know ni kujoke tu. Let it remain that way please. Mtu asibore mwingine or lets take the charts on a light note. Tujibambe tu huku"], "tag": ["EEH"]}}
{"3": {"elem": ["Kuna msee amesea realtionships ni hard hapo juu. Si tuchangamkie hii risto na ma ideas zetu??ama nmaonaje"], "tag": ["GW"]}}
{"7": {"elem": ["ane", "Tuz", "sai", "dia", "oe", "ne"], "tag": ["IHL", "IMP", "EEH", "GW", "GCSI", "GCG"]}}
{"7": {"elem": ["Tuzoeane tusaidiane", "Tuzoeane tusaidiane"], "tag": ["EEH", "GCSI"]}}
{"1": {"elem": ["Guys we are here to be tolerative of each other. Lets not get mad easily"], "tag": ["IAI"]}}
{"1": {"elem": ["Guys we are here to be tolerative of each other"], "tag": ["EEH"]}}
{"1": {"elem": ["mad easily", "Guys we", "each"], "tag": ["IAI", "IAI", "GW"]}}
{"1": {"elem": [], "tag": []}}
{"1": {"elem": ["Guys we are here to be tolerative of each other. Lets not get mad easily"], "tag": ["IHL"]}}
{"1": {"elem": ["Lets not get mad easily"], "tag": ["GCG"]}}
{"1": {"elem": ["Guys we are here to be tolerative of each other.", "Lets not get mad easily"], "tag": ["IAI", "GW"]}}
{"1": {"elem": [], "tag": []}}
{"2": {"elem": ["Soemtimes when i see you guys chart i always know ni kujoke tu. Let it remain that way please. Mtu asibore mwingine or lets take the charts on a light note. Tujibambe tu huku"], "tag": ["GW"]}}
{"3": {"elem": ["Kuna msee amesea realtionships ni hard hapo juu. Si tuchangamkie hii risto na ma ideas zetu??ama nmaonaje"], "tag": ["GW"]}}
{"4": {"elem": ["Usiworry.. Ni kujoke tuh"], "tag": ["GCSI"]}}
{"5": {"elem": ["Bana!!!!"], "tag": ["GCSI"]}}
{"6": {"elem": ["Wazi "], "tag": ["ACK"]}}
{"7": {"elem": ["Tuzoeane tusaidiane"], "tag": ["GW"]}}
{"8": {"elem": ["Ni VaXXX amesema hivo then akago missing... But alisema ni experience ya beshteh yake"], "tag": ["GCSI"]}}
{"9": {"elem": ["Niko apa BiXXX"], "tag": ["GCSI"]}}
{"10": {"elem": ["Tell us... Why relationships are difficult"], "tag": ["GCSI"]}}
{"11": {"elem": ["Exactly"], "tag": ["ACK"]}}
{"12": {"elem": ["Yadah msupeng"], "tag": ["GCG"]}}
{"13": {"elem": ["Yadua"], "tag": ["GCG"]}}
{"14": {"elem": ["Wasemaje"], "tag": ["GCG"]}}
{"15": {"elem": ["About relationship"], "tag": ["GCSI"]}}
{"16": {"elem": ["Nn"], "tag": ["GCSI"]}}
{"17": {"elem": ["N VaXXX si mm"], "tag": ["GCSI"]}}
{"18": {"elem": ["Aiii Dr.love"], "tag": ["GCSI"]}}
{"19": {"elem": [], "tag": []}}
{"20": {"elem": ["Sindiyo"], "tag": ["GCSI"]}}
{"20": {"elem": ["Sindiyo"], "tag": ["ACK"]}}
{"21": {"elem": ["Sawa"], "tag": ["ACK"]}}
{"22": {"elem": ["Fity"], "tag": ["ACK"]}}
{"22": {"elem": ["Fity"], "tag": ["ACK"]}}
{"23": {"elem": ["Unakam lini"], "tag": ["GCSI"]}}
{"2": {"elem": ["Let it remain that way please. Mtu asibore mwingine or lets take the charts on a light note. Tujibambe tu huku"], "tag": ["GW"]}}
{"24": {"elem": ["Nko kwa njia"], "tag": ["GCSI"]}}
{"25": {"elem": ["Aina was"], "tag": ["ACK"]}}
{"26": {"elem": ["Mmmh"], "tag": ["GCSI"]}}
{"27": {"elem": ["Cheki c ulale"], "tag": ["GCSI"]}}
{"28": {"elem": ["Nitegee tuu Apo gate"], "tag": ["GCSI"]}}
{"29": {"elem": ["\ud83e\udd38\u200d\u2640\ud83e\udd38\u200d\u2640"], "tag": ["GCSI"]}}
{"30": {"elem": ["Usijaribu"], "tag": ["GCSI"]}}
{"31": {"elem": ["Eeeiii"], "tag": ["GCSI"]}}
{"32": {"elem": ["Umeanza"], "tag": ["GCSI"]}}
{"33": {"elem": ["Staki wageni wa usiku"], "tag": ["GCSI"]}}
{"34": {"elem": ["Nmestart"], "tag": ["GCSI"]}}
{"35": {"elem": ["Auuuiiii"], "tag": ["GCSI"]}}
{"36": {"elem": ["Aya...katambe"], "tag": ["GCSI"]}}
{"34": {"elem": ["Nmestart"], "tag": ["ACK"]}}
{"37": {"elem": [], "tag": []}}
{"38": {"elem": ["unawatch DJ afro"], "tag": ["GCSI"]}}
{"39": {"elem": [], "tag": []}}
{"40": {"elem": ["Hahhahaa hapa nimepotea....\r\n\r\n"], "tag": ["GCSI"]}}
{"41": {"elem": ["Hehhehe nichanueni, hizi ni salamu ama??"], "tag": ["GCSI"]}}
{"42": {"elem": ["Yeah "], "tag": ["ACK"]}}
{"43": {"elem": ["Lakini hii ni uchokozi"], "tag": ["GCSI"]}}
{"44": {"elem": ["Aiiii"], "tag": ["GCSI"]}}
{"45": {"elem": ["Uchokozi gani"], "tag": ["GCSI"]}}
{"46": {"elem": ["Nn mulzana BiXXX n VeXXX"], "tag": ["GCSI"]}}
{"47": {"elem": ["I think ni ubeste tu ama??"], "tag": ["GCSI"]}}
{"48": {"elem": ["ni ubeste tuh", "Eeeeeh"], "tag": ["GCSI", "ACK"]}}
{"49": {"elem": ["Tuko poa", "Tuko poa"], "tag": ["GCSI", "ACK"]}}
{"50": {"elem": ["Uko correct expert D", "Exactly"], "tag": ["GCSI", "ACK"]}}
{"51": {"elem": [], "tag": []}}
{"52": {"elem": [], "tag": []}}
{"53": {"elem": ["Usihame"], "tag": ["GCSI"]}}
{"54": {"elem": ["Watu wameenda wapi uku nadai tuchangamkie ile idea"], "tag": ["GCSI"]}}
{"55": {"elem": ["Idea gani"], "tag": ["GCSI"]}}
{"56": {"elem": [], "tag": []}}
{"57": {"elem": ["Na wewe jaribu kua offline"], "tag": ["GCSI"]}}
{"58": {"elem": ["Kila SAA uko online aaiiii"], "tag": ["GCSI"]}}
{"59": {"elem": ["Juu ww uko offline.. Hata bundles si zako shidaako n nn\r\n\r\n"], "tag": ["GCSI"]}}
{"60": {"elem": ["Tuchangamke", "Tuchangamke"], "tag": ["GW", "GCSI"]}}
{"61": {"elem": ["Siyo Mimi nlibuy izo bundles unatumia"], "tag": ["GCSI"]}}
{"62": {"elem": ["Anza", "Anza"], "tag": ["GCSI", "ACK"]}}
{"63": {"elem": ["Eeeeeiiiish...ni excuse"], "tag": ["GCSI"]}}
{"60": {"elem": ["Tuchangamke"], "tag": ["GCSI"]}}
{"64": {"elem": ["Patient... Uko na shida ya mapenzi juu mm n Dr. Love"], "tag": ["GCSI"]}}
{"65": {"elem": ["Najua ni zile nlikubaia Jana... All in one monthly bundle"], "tag": ["GCSI"]}}
{"66": {"elem": ["Shida ni wewe", "Shida ni wewe"], "tag": ["GCSI", "ACK"]}}
{"67": {"elem": ["Uko na shida ya kichwa c siri"], "tag": ["GCSI"]}}
{"68": {"elem": ["Sema tuu niache kukuaibisha"], "tag": ["GCSI"]}}
{"69": {"elem": ["Sipendi uwongo Mimi"], "tag": ["GCSI"]}}
{"70": {"elem": ["Unaambia"], "tag": ["GCSI"]}}
{"71": {"elem": ["Sawa...juu hata nmechoka kuchat"], "tag": ["GCSI"]}}
{"72": {"elem": ["napendaga ivo the truth", "Eeeh "], "tag": ["GCSI", "ACK"]}}
{"73": {"elem": ["Changamkeni wasee"], "tag": ["GW"]}}
{"74": {"elem": ["Eeeh msee anza", "Eeeh "], "tag": ["GCSI", "ACK"]}}
{"75": {"elem": ["Nianze?"], "tag": ["GCSI"]}}
{"76": {"elem": ["huku n kama watu wamelala", "Anza "], "tag": ["GCSI", "ACK"]}}
{"77": {"elem": ["mtu anaanzanga aje", "Sawa "], "tag": ["GCSI", "ACK"]}}
{"78": {"elem": ["a niaje?? who's with me?"], "tag": ["GW"]}}
{"79": {"elem": ["hands up plz"], "tag": ["ACK"]}}
{"80": {"elem": [], "tag": []}}
{"79": {"elem": ["hands up plz"], "tag": ["GW"]}}
{"77": {"elem": ["mtu anaanzanga aje", "Sawa "], "tag": ["GCSI", "ACK"]}}
{"81": {"elem": ["Thank you"], "tag": ["ACK"]}}
{"82": {"elem": ["At least tuko kimoja"], "tag": ["GCSI"]}}
{"83": {"elem": ["Leave alone friends' experience adi sisi some if us here we're in relationships but we are too shy to speak up,right"], "tag": ["IHL"]}}
{"78": {"elem": ["Enyewe kusema tu ukweli,,,akuna aja ya kujifanya angels yet we are the same pple who go through this in our lives,,, relationships muhimu kwa hii maisha a niaje", "who's with me?"], "tag": ["IHL", "GW"]}}
{"84": {"elem": ["relationship are important in one way or another but to the one who is ready to go through the ups n downs that come with it", "Yup"], "tag": ["IHL", "ACK"]}}
{"85": {"elem": ["Kweli kabisaaaa"], "tag": ["ACK"]}}
{"86": {"elem": ["we never know,,someone here might be dealing with a bad relationship but juu amekufaa msee anaona aezi let go,,that's wat inatusumbuanga sana,,esp pple our age", "So now it's our time to speak up and help each other"], "tag": ["IHL", "GW"]}}
{"87": {"elem": [], "tag": []}}
{"61": {"elem": [], "tag": []}}
{"38": {"elem": [], "tag": []}}
{"85": {"elem": [], "tag": []}}
{"79": {"elem": [], "tag": []}}
{"88": {"elem": ["kwanza at this age you have to be very careful before you get into any relationship... Hawa wanaume tunahusiana nao si waaminifu kabisaa", "Yeah "], "tag": ["IHL", "ACK"]}}
{"89": {"elem": [], "tag": []}}
{"89": {"elem": ["My people(the lazy ones kwenye washadoz),,kesho tuget serious tumalize hii weekly message on relationships na ku kuna msee ame-go through such a situation atupeleke na rieng' ndo enyewe tusicheze flat"], "tag": ["GW"]}}
{"90": {"elem": ["they're like \ud83d\udc15\ud83d\udc15... They bark everywhere", "Bana"], "tag": ["GCSI", "ACK"]}}
{"91": {"elem": ["so kesho tukuweni serious tudiscuss hii matter iishe", "Enyewe jooh"], "tag": ["GW", "ACK"]}}
{"92": {"elem": ["Then later they let you go as if you never existed in their lives... After getting whatever they want"], "tag": ["IHL"]}}
{"93": {"elem": ["I hope mmeskia nyinyi walali\ud83d\ude34...kwa group mnalala,class mnalala mnataka aje niwasaidie??\ud83d\ude02\ud83d\ude02"], "tag": ["GCSI"]}}
{"94": {"elem": ["Acha kesho wakiamka watatuelezea vizuri"], "tag": ["GCSI"]}}
{"95": {"elem": ["this is for us girls\ud83d\udc67 tusifungue duka ovyo ovyo!!!Thank me later!", "True"], "tag": ["IHL", "ACK"]}}
{"96": {"elem": [], "tag": []}}
{"97": {"elem": ["Understood"], "tag": ["ACK"]}}
{"98": {"elem": ["Watachangamkia topic vibaya sana,,anyway doz poa BiXXX"], "tag": ["GCSI"]}}
{"99": {"elem": ["Santy...pia ww doz poa"], "tag": ["GCSI"]}}
{"100": {"elem": ["Do we share our status with our partners ?? For those who have one??"], "tag": ["IHL"]}}
{"101": {"elem": ["Tuchabgamkie pia hii kesho. Wazi wasee"], "tag": ["GW"]}}
{"102": {"elem": ["That is the hardest thing to do"], "tag": ["GCSI"]}}
{"103": {"elem": [], "tag": []}}
{"104": {"elem": [], "tag": []}}
{"1": {"elem": ["With this group, we would like to support each other in staying healthy and supported. If you are having problems or questions about your health, please share them with the group, or inbox me individually. We are stronger together", "we would like to support each other in staying healthy and supported. If you are having problems or questions about your health, please share them with the group, or inbox me individually. We are stronger together"], "tag": ["IAI", "GW"]}}
{"2": {"elem": ["How are we all doing this week? What are you most looking forward to about this group?"], "tag": ["GW"]}}
{"3": {"elem": ["mornig guys"], "tag": ["GCG"]}}
{"4": {"elem": ["morning tok"], "tag": ["GCG"]}}
{"5": {"elem": [",for the past few days have been feeling low n oppressed I want to quit the drugs coz they do me harm than gd,am loosing hapitite,I don't feel salt anymore. My nails is changing to white. Nimechoka", "Hi admin"], "tag": ["ENF", "GCG"]}}
{"6": {"elem": ["it woz fun", "Indeed"], "tag": ["GCSI", "ACK"]}}
{"7": {"elem": ["What drugs do you use"], "tag": ["IMP"]}}
{"8": {"elem": ["Hey"], "tag": ["GCG"]}}
{"9": {"elem": ["lakini jaribu uone daktari, saa zing one inakuwanga type ya drugdrug kukeep time yakutake drug "], "tag": ["IHL"]}}
{"10": {"elem": ["The drugs like alcohol.bhang or"], "tag": ["GCSI"]}}
{"11": {"elem": ["Or hii msg ilikuwa ya admin pekee"], "tag": ["GCSI"]}}
{"12": {"elem": ["Hae2"], "tag": ["GCG"]}}
{"13": {"elem": ["Hii"], "tag": ["GCG"]}}
{"14": {"elem": ["So happy", "nxt tym don't miss pls."], "tag": ["EEH", "GW"]}}
{"15": {"elem": ["hi gotea karembo"], "tag": ["GCG"]}}
{"16": {"elem": ["Losing appetite,c poa muone,docky or consult adm,4 in4mation or reason behind that."], "tag": ["IMP"]}}
{"17": {"elem": ["stress pia hupoteza appetite, avoid", "gud9tin all."], "tag": ["IPL", "GCG"]}}
{"18": {"elem": ["Waaah na me vile nakula excess"], "tag": ["GCSI"]}}
{"18": {"elem": ["Waaah na me vile nakula excess"], "tag": ["GCSI"]}}
{"19": {"elem": ["I suppose you know why you are taking the drugs \ud83d\ude42... They are there to help you, I guess you've got a bad impression about drugs(medicine), [Not necessarily this, but any other drugs that menu people tend to detest", "Hello"], "tag": ["IMP", "GCG"]}}
{"20": {"elem": ["Again primarily, Some of the drugs that we use tend to have side effects, which I tend to assume they're the ones you're experiencing... Kindly visit your doctor and explain to him/her"], "tag": ["IMP"]}}
{"21": {"elem": ["hata hii hapana..."], "tag": ["GCSI"]}}
{"22": {"elem": ["Me side effect yangu nkukula sana"], "tag": ["IMP"]}}
{"23": {"elem": ["kako poa dia", "Hi "], "tag": ["GCSI", "GCG"]}}
{"24": {"elem": ["Utanona ushindwe kuenda clinic"], "tag": ["GCSI"]}}
{"25": {"elem": ["yang hapetit uwa inapotea ss inabidii nikule lemau"], "tag": ["IPL"]}}
{"26": {"elem": ["Hahaha acha ninone nmekata sana tangu niborn"], "tag": ["GCSI"]}}
{"27": {"elem": ["Na ukikula unatabika auu"], "tag": ["IMP"]}}
{"27": {"elem": ["Na ukikula unatabika auu"], "tag": ["IMP"]}}
{"28": {"elem": ["anyone can advice our colleague here. Not only the admin.", "We need to tell our colleague how we overcame such challenges, and encourage her to do the same even as we see how to help her. ", "anyone can advice our colleague here. Not only the admin. We need to tell our colleague how we overcame such challenges, and encourage her to do the same even as we see how to help her. Please feel free to comment on anyone's advice or comment. "], "tag": ["IAI", "EIH", "GW"]}}
{"29": {"elem": ["Am so sorry,let me see how I can get you some help. I will get back to you very shortly. Hold on there, there is light at the end."], "tag": ["EIH"]}}
{"30": {"elem": ["Sitapiki unasiki utaki kula"], "tag": ["IMP"]}}
{"31": {"elem": ["Kunywa uji utaget appetite"], "tag": ["IPL"]}}
{"32": {"elem": ["HK uko funny wewe"], "tag": ["GCSI"]}}
{"33": {"elem": ["Hahaha"], "tag": ["GCSI"]}}
{"34": {"elem": ["Nataka ufurahi"], "tag": ["EIH"]}}
{"35": {"elem": ["Thanks"], "tag": ["ACK"]}}
{"36": {"elem": ["Welcome dia"], "tag": ["GCSI"]}}
{"37": {"elem": [], "tag": []}}
{"38": {"elem": ["Kwani muna yongana"], "tag": ["ENF"]}}
{"39": {"elem": ["ukue unaniita nikubebe"], "tag": ["GCSI"]}}
{"40": {"elem": ["Hahaha ka utaeza ndakuita"], "tag": ["GCSI"]}}
{"41": {"elem": ["Munapendana aje"], "tag": ["GCSI"]}}
{"42": {"elem": ["Welcome"], "tag": ["GCSI"]}}
{"43": {"elem": ["Dia"], "tag": ["GCSI"]}}
{"43": {"elem": ["Dia"], "tag": ["GCSI"]}}
{"43": {"elem": ["Dia"], "tag": ["GCSI"]}}
{"44": {"elem": ["Hae guls"], "tag": ["GCG"]}}
{"45": {"elem": ["Hi too"], "tag": ["GCG"]}}
{"46": {"elem": ["What is YAWA?"], "tag": ["GCSI"]}}
{"47": {"elem": ["YAWA is when u give a beautiful girl a lift and she faints in your car."], "tag": ["GCSI"]}}
{"48": {"elem": [], "tag": []}}
{"49": {"elem": ["You take her to the hospital and when you get there, the Doctor says she's"], "tag": ["GCSI"]}}
{"50": {"elem": ["pregnant and congratulates you that you are going to be father very soon."], "tag": ["GCSI"]}}
{"51": {"elem": [], "tag": []}}
{"52": {"elem": ["You then shout that"], "tag": ["GCSI"]}}
{"53": {"elem": ["you are not the father and the girl says you are the"], "tag": ["GCSI"]}}
{"54": {"elem": ["father"], "tag": ["GCSI"]}}
{"55": {"elem": ["\ud83d\ude24\ud83d\ude24\ud83d\ude24."], "tag": ["GCSI"]}}
{"56": {"elem": ["Things are now getting YAWAFUL."], "tag": ["GCSI"]}}
{"57": {"elem": ["You require a DNA test to prove you are"], "tag": ["GCSI"]}}
{"58": {"elem": ["not the father."], "tag": ["GCSI"]}}
{"59": {"elem": [], "tag": []}}
{"60": {"elem": ["Things are now getting YAWASTIC when"], "tag": ["GCSI"]}}
{"61": {"elem": ["the doctor comes with the result saying you can not"], "tag": ["GCSI"]}}
{"62": {"elem": ["be a father because you are infertile."], "tag": ["GCSI"]}}
{"63": {"elem": [], "tag": []}}
{"64": {"elem": ["You are relieved, but on your way home you remember you are married with three kids at home!... Now you are extremely YAWACIOUS."], "tag": ["GCSI"]}}
{"65": {"elem": ["Now, you begin to ask yourself who is the"], "tag": ["GCSI"]}}
{"66": {"elem": ["father of those kids.\ud83d\udc79\ud83d\udc79\ud83d\udc79\ud83d\udc79\ud83d\udc79\ud83d\udc79. You get home to find out that the"], "tag": ["GCSI"]}}
{"67": {"elem": ["gateman is their real father."], "tag": ["GCSI"]}}
{"68": {"elem": ["You are now"], "tag": ["GCSI"]}}
{"69": {"elem": ["YAWADED"], "tag": ["GCSI"]}}
{"70": {"elem": ["You decided to travel home to complain to your mother about the latest development.. And your Mum with tears running down her cheeks tells u, my son.. I'm so sorry... Your Dad ain't really your Dad..."], "tag": ["GCSI"]}}
{"71": {"elem": ["Then u know that things are now YAWASTICATED ."], "tag": ["GCSI"]}}
{"72": {"elem": ["Wishing you a YAWA FREE DAY\ud83e\udd23\ud83e\udd23\ud83e\udd23 , Don't Laugh Alone! Let me go to the next group\ud83c\udfc3\ud83c\udffd\u200d\u2642\ud83c\udfc3\ud83c\udffd\u200d\u2642\ud83c\udfc3\ud83c\udffd\u200d\u2642\ud83c\udfc3\ud83c\udffd\u200d\u2642"], "tag": ["GCSI"]}}
{"73": {"elem": ["Kwani watu wamedoz?", "Kwani watu wamedoz?"], "tag": ["GW", "GCSI"]}}
{"74": {"elem": ["Hata mimi nakula hadi namka sa saba usiku kukula"], "tag": ["GCSI"]}}
{"75": {"elem": ["hi"], "tag": ["GCG"]}}
{"76": {"elem": ["LiXXX sema kunimaliza yawa"], "tag": ["GCSI"]}}
{"77": {"elem": ["Sema"], "tag": ["GCG"]}}
{"78": {"elem": ["Poa Sana"], "tag": ["GCSI"]}}
{"79": {"elem": [" nipeeni tips ya kugain excess breast milk.coz mtoi wangu ananikamua ajab", "Hi guys"], "tag": ["IPL", "GCG"]}}
{"80": {"elem": ["Bytha kula ndo ndo mtoi apate maziwa"], "tag": ["IPL"]}}
{"79": {"elem": ["nipeeni tips ya kugain excess breast milk.coz mtoi wangu ananikamua ajab", "Hi guys"], "tag": ["IPL", "GCG"]}}
{"81": {"elem": ["coz ananyonya mpaka nipple zinawaka moto", "Okay"], "tag": ["GCSI", "ACK"]}}
{"82": {"elem": ["la"], "tag": ["GCSI"]}}
{"83": {"elem": ["You can take a lot of soup, njahe, omena. These works well for new moms. Don't drink coffe or majani. Tumia to cocoa"], "tag": ["IPL"]}}
{"84": {"elem": ["Kwa hivyo niko saws,n this tym round nanyonyesha for 6 months ,with ur advice n God's mercy .Nina imani ntamke.thanxxx"], "tag": ["EEH"]}}
{"85": {"elem": ["morning"], "tag": ["GCG"]}}
{"86": {"elem": [], "tag": []}}
{"87": {"elem": ["Wapi"], "tag": ["GCSI"]}}
{"88": {"elem": [], "tag": []}}
{"88": {"elem": [], "tag": []}}
{"89": {"elem": ["Hahaha tuko same basi"], "tag": ["GCSI"]}}
{"90": {"elem": ["Mrng dia"], "tag": ["GCG"]}}
{"91": {"elem": ["Ok"], "tag": ["ACK"]}}
{"92": {"elem": ["Wapi tena"], "tag": ["GCSI"]}}
{"93": {"elem": ["Actually I belong here, bt I didn't get a chance to attend that meeting coz I went to work anyway I hope next time I will be available so am I welcomed?", "Hi guys how's everyone"], "tag": ["GCSI", "GCG"]}}
{"94": {"elem": ["You missed alot"], "tag": ["GCSI"]}}
{"95": {"elem": ["but I hope there's always next time", "Am sorry I tried to ask for a day off but didn't succeeded"], "tag": ["EIH", "GCSI"]}}
{"96": {"elem": ["Hope soo"], "tag": ["GCSI"]}}
{"97": {"elem": ["Thanks"], "tag": ["ACK"]}}
{"98": {"elem": ["Welcome"], "tag": ["GCSI"]}}
{"99": {"elem": ["Karibuni lunch"], "tag": ["GCSI"]}}
{"100": {"elem": ["Uko wappi nikuje kudoea"], "tag": ["GCSI"]}}
{"101": {"elem": ["Pipeline kujia"], "tag": ["GCSI"]}}
{"102": {"elem": ["Khaii ndalost"], "tag": ["GCSI"]}}
{"103": {"elem": ["Utalost aje? C ntakushow njia"], "tag": ["GCSI"]}}
{"104": {"elem": ["Waaaah skuingne tu"], "tag": ["GCSI"]}}
{"105": {"elem": ["Kwani we uko side gani?"], "tag": ["GCSI"]}}
{"106": {"elem": ["Kerema"], "tag": ["GCSI"]}}
{"107": {"elem": ["Kerema"], "tag": ["GCSI"]}}
{"108": {"elem": ["Side gani hiyo"], "tag": ["GCSI"]}}
{"109": {"elem": ["nan"], "tag": ["GCSI"]}}
{"110": {"elem": ["Heal the world"], "tag": ["GCSI"]}}
{"109": {"elem": ["nan"], "tag": ["ACK"]}}
{"109": {"elem": ["nan"], "tag": ["GCSI"]}}
{"111": {"elem": ["Make it a better place for you and for me and entire universe.... ~Micheal Jackson"], "tag": ["GCSI"]}}
{"112": {"elem": ["Matopeni"], "tag": ["GCSI"]}}
{"113": {"elem": [" n sawa tu basi", "Ok"], "tag": ["GCSI", "ACK"]}}
{"114": {"elem": ["Aki c mlete hata story tuchangie!!! Mmekimya aje?"], "tag": ["GW"]}}
{"115": {"elem": ["nko poa jaber"], "tag": ["GCSI"]}}
{"116": {"elem": ["aky dunia simama nishuke"], "tag": ["GCSI"]}}
{"117": {"elem": ["Mimi nimeenda staki lawama"], "tag": ["GCSI"]}}
{"118": {"elem": [], "tag": []}}
{"119": {"elem": ["We Cheka tu"], "tag": ["GCSI"]}}
{"120": {"elem": ["Acha nicheke,am always happy", "Acha nicheke,am always happy"], "tag": ["EEH", "GCSI"]}}
{"121": {"elem": ["Hiyo ni poa"], "tag": ["GCSI"]}}
{"122": {"elem": ["Hahaha"], "tag": ["GCSI"]}}
{"123": {"elem": ["Tena xana"], "tag": ["GCSI"]}}
{"124": {"elem": ["No hiyo ni love"], "tag": ["GCSI"]}}
{"125": {"elem": [], "tag": []}}
{"126": {"elem": ["Yea"], "tag": ["ACK"]}}
{"127": {"elem": ["Story c mob sana"], "tag": ["GCSI"]}}
{"128": {"elem": [], "tag": []}}
{"129": {"elem": ["Story zimeenda wapi"], "tag": ["GCSI"]}}
{"130": {"elem": ["Here eating"], "tag": ["GCSI"]}}
{"131": {"elem": ["Wewe"], "tag": ["GCSI"]}}
{"132": {"elem": ["Hi"], "tag": ["GCG"]}}
{"133": {"elem": ["Hi too"], "tag": ["GCG"]}}
{"134": {"elem": ["Kutulia nayo"], "tag": ["GCSI"]}}
{"135": {"elem": ["Hi guys!"], "tag": ["GCG"]}}
{"136": {"elem": ["Hi too"], "tag": ["GCG"]}}
{"137": {"elem": ["kila mtu halale nataka kufunga group", "Leo hamna kitu cha kusema kila mtu halale nataka kufunga group"], "tag": ["ENF", "GCSI"]}}
{"138": {"elem": ["Usitufungie nje plz!"], "tag": ["GCSI"]}}
{"139": {"elem": ["Woiii mbona ni vile watu wamechoka"], "tag": ["GCSI"]}}
{"140": {"elem": ["Hey my people!"], "tag": ["GCG"]}}
{"141": {"elem": ["Hey"], "tag": ["GCG"]}}
{"142": {"elem": ["How are you doing man"], "tag": ["GCG"]}}
{"143": {"elem": ["Ukifunga,nafungua"], "tag": ["GCSI"]}}
{"144": {"elem": ["I'm good by God's grace strong and moving.", "I'm good by God's grace strong and moving."], "tag": ["EEH", "GCSI"]}}
{"145": {"elem": ["Anyone awake in this group to confirm his/her presence"], "tag": ["GW"]}}
{"146": {"elem": ["Type present if awake"], "tag": ["GW"]}}
{"147": {"elem": ["Present"], "tag": ["ACK"]}}
{"148": {"elem": [], "tag": []}}
{"149": {"elem": ["Present"], "tag": ["ACK"]}}
{"150": {"elem": [], "tag": []}}
{"151": {"elem": [], "tag": []}}
{"152": {"elem": [], "tag": []}}
{"153": {"elem": [], "tag": []}}
{"153": {"elem": [], "tag": []}}
{"154": {"elem": [], "tag": []}}
{"152": {"elem": [], "tag": []}}
{"155": {"elem": ["You are already in"], "tag": ["GCSI"]}}
{"156": {"elem": [], "tag": []}}
{"157": {"elem": ["Two more people"], "tag": ["GCSI"]}}
{"158": {"elem": ["ahaaa swa"], "tag": ["ACK"]}}
{"159": {"elem": ["Present"], "tag": ["ACK"]}}
{"160": {"elem": [" juu sikuandika namba", "OK "], "tag": ["GCSI", "ACK"]}}
{"161": {"elem": [], "tag": []}}
{"162": {"elem": ["Ee"], "tag": ["ACK"]}}
{"163": {"elem": ["One more!"], "tag": ["GW"]}}
{"157": {"elem": ["Two more people"], "tag": ["GW"]}}
{"164": {"elem": ["Fine", "Fine"], "tag": ["GCSI", "ACK"]}}
{"165": {"elem": ["Just a single ", "Just a single "], "tag": ["GW", "GCSI"]}}
{"166": {"elem": ["Who is closing the chapter", "Who is closing the chapter"], "tag": ["GW", "GCSI"]}}
{"167": {"elem": ["The number ending 764 mark yourself present to sum it to five"], "tag": ["GW"]}}
{"168": {"elem": ["Can I be the fifth"], "tag": ["GCSI"]}}
{"169": {"elem": ["Yes"], "tag": ["ACK"]}}
{"170": {"elem": ["Only if the four of you will accept"], "tag": ["GCSI"]}}
{"171": {"elem": ["present"], "tag": ["ACK"]}}
{"172": {"elem": [], "tag": []}}
{"173": {"elem": ["Alafu form ni gani uku watu wengi", "Alafu form ni gani uku watu wengi"], "tag": ["GW", "GCSI"]}}
{"174": {"elem": ["As per the agreement, we've summed up to five.", "As per the agreement, we've summed up to five."], "tag": ["GW", "GCSI"]}}
{"175": {"elem": ["Each and every person will have a single simple question to answer."], "tag": ["GW"]}}
{"176": {"elem": ["No restrictions you can answer any:"], "tag": ["GCSI"]}}
{"177": {"elem": ["Is the group helpful"], "tag": ["IAI"]}}
